CODIGO_ESTACION;NOMBRE_ESTACION;NUCLEO_CERCANIAS;TRAMO_HORARIO;VIAJEROS_SUBIDOS;VIAJEROS_BAJADOS
40113;CAZALLA-CONSTANTINA;SEVILLA;07:00-07:30;0;0
40113;CAZALLA-CONSTANTINA;SEVILLA;10:00-10:30;0;0
40113;CAZALLA-CONSTANTINA;SEVILLA;17:00-17:30;0;0
40113;CAZALLA-CONSTANTINA;SEVILLA;17:30-18:00;0;0
40113;CAZALLA-CONSTANTINA;SEVILLA;18:30-19:00;0;0
40115;PEDROSO;SEVILLA;06:30-07:00;0;0
40115;PEDROSO;SEVILLA;07:30-08:00;10;0
40115;PEDROSO;SEVILLA;10:00-10:30;6;0
40115;PEDROSO;SEVILLA;14:30-15:00;0;8
40115;PEDROSO;SEVILLA;15:00-15:30;8;0
40115;PEDROSO;SEVILLA;17:00-17:30;0;4
40115;PEDROSO;SEVILLA;18:00-18:30;3;1
40115;PEDROSO;SEVILLA;20:30-21:00;1;11
40119;VILLANUEVA DEL RIO-MINAS;SEVILLA;06:00-06:30;0;0
40119;VILLANUEVA DEL RIO-MINAS;SEVILLA;06:30-07:00;20;0
40119;VILLANUEVA DEL RIO-MINAS;SEVILLA;07:30-08:00;15;0
40119;VILLANUEVA DEL RIO-MINAS;SEVILLA;10:30-11:00;9;0
40119;VILLANUEVA DEL RIO-MINAS;SEVILLA;14:30-15:00;0;20
40119;VILLANUEVA DEL RIO-MINAS;SEVILLA;15:30-16:00;8;0
40119;VILLANUEVA DEL RIO-MINAS;SEVILLA;16:30-17:00;0;12
40119;VILLANUEVA DEL RIO-MINAS;SEVILLA;17:30-18:00;0;7
40119;VILLANUEVA DEL RIO-MINAS;SEVILLA;18:30-19:00;0;0
40119;VILLANUEVA DEL RIO-MINAS;SEVILLA;20:00-20:30;0;7
40119;VILLANUEVA DEL RIO-MINAS;SEVILLA;21:00-21:30;3;0
40121;ALCOLEA DEL RIO;SEVILLA;06:00-06:30;0;0
40121;ALCOLEA DEL RIO;SEVILLA;06:30-07:00;2;0
40121;ALCOLEA DEL RIO;SEVILLA;08:00-08:30;1;0
40121;ALCOLEA DEL RIO;SEVILLA;10:30-11:00;0;0
40121;ALCOLEA DEL RIO;SEVILLA;14:00-14:30;0;0
40121;ALCOLEA DEL RIO;SEVILLA;15:30-16:00;0;0
40121;ALCOLEA DEL RIO;SEVILLA;16:30-17:00;0;1
40121;ALCOLEA DEL RIO;SEVILLA;17:30-18:00;0;0
40121;ALCOLEA DEL RIO;SEVILLA;18:30-19:00;0;0
40121;ALCOLEA DEL RIO;SEVILLA;20:00-20:30;0;0
40121;ALCOLEA DEL RIO;SEVILLA;21:00-21:30;0;0
40122;TOCINA;SEVILLA;06:00-06:30;0;0
40122;TOCINA;SEVILLA;06:30-07:00;18;0
40122;TOCINA;SEVILLA;08:00-08:30;12;4
40122;TOCINA;SEVILLA;11:00-11:30;6;2
40122;TOCINA;SEVILLA;14:00-14:30;3;4
40122;TOCINA;SEVILLA;15:30-16:00;4;2
40122;TOCINA;SEVILLA;16:00-16:30;0;12
40122;TOCINA;SEVILLA;17:30-18:00;1;5
40122;TOCINA;SEVILLA;18:30-19:00;3;0
40122;TOCINA;SEVILLA;20:00-20:30;0;5
40122;TOCINA;SEVILLA;21:00-21:30;0;0
43000;SAN JERONIMO;SEVILLA;00:00-00:30;0;0
43000;SAN JERONIMO;SEVILLA;06:30-07:00;2;4
43000;SAN JERONIMO;SEVILLA;07:00-07:30;7;5
43000;SAN JERONIMO;SEVILLA;07:30-08:00;2;0
43000;SAN JERONIMO;SEVILLA;08:00-08:30;7;12
43000;SAN JERONIMO;SEVILLA;08:30-09:00;5;18
43000;SAN JERONIMO;SEVILLA;09:00-09:30;2;3
43000;SAN JERONIMO;SEVILLA;09:30-10:00;3;0
43000;SAN JERONIMO;SEVILLA;10:00-10:30;1;1
43000;SAN JERONIMO;SEVILLA;10:30-11:00;0;0
43000;SAN JERONIMO;SEVILLA;11:00-11:30;1;4
43000;SAN JERONIMO;SEVILLA;11:30-12:00;1;0
43000;SAN JERONIMO;SEVILLA;12:00-12:30;0;5
43000;SAN JERONIMO;SEVILLA;12:30-13:00;3;0
43000;SAN JERONIMO;SEVILLA;13:00-13:30;2;3
43000;SAN JERONIMO;SEVILLA;13:30-14:00;1;0
43000;SAN JERONIMO;SEVILLA;14:00-14:30;14;11
43000;SAN JERONIMO;SEVILLA;14:30-15:00;9;7
43000;SAN JERONIMO;SEVILLA;15:00-15:30;11;6
43000;SAN JERONIMO;SEVILLA;15:30-16:00;0;1
43000;SAN JERONIMO;SEVILLA;16:00-16:30;7;3
43000;SAN JERONIMO;SEVILLA;16:30-17:00;2;0
43000;SAN JERONIMO;SEVILLA;17:00-17:30;1;2
43000;SAN JERONIMO;SEVILLA;17:30-18:00;2;0
43000;SAN JERONIMO;SEVILLA;18:00-18:30;0;2
43000;SAN JERONIMO;SEVILLA;18:30-19:00;0;1
43000;SAN JERONIMO;SEVILLA;19:00-19:30;2;0
43000;SAN JERONIMO;SEVILLA;19:30-20:00;0;0
43000;SAN JERONIMO;SEVILLA;20:00-20:30;2;3
43000;SAN JERONIMO;SEVILLA;20:30-21:00;0;0
43000;SAN JERONIMO;SEVILLA;21:00-21:30;1;0
43000;SAN JERONIMO;SEVILLA;22:00-22:30;2;2
43000;SAN JERONIMO;SEVILLA;23:00-23:30;0;0
43002;CAMAS;SEVILLA;00:00-00:30;0;0
43002;CAMAS;SEVILLA;06:00-06:30;2;1
43002;CAMAS;SEVILLA;06:30-07:00;2;0
43002;CAMAS;SEVILLA;07:00-07:30;13;2
43002;CAMAS;SEVILLA;07:30-08:00;33;3
43002;CAMAS;SEVILLA;08:00-08:30;6;6
43002;CAMAS;SEVILLA;08:30-09:00;0;3
43002;CAMAS;SEVILLA;09:00-09:30;10;1
43002;CAMAS;SEVILLA;10:00-10:30;6;3
43002;CAMAS;SEVILLA;11:00-11:30;0;3
43002;CAMAS;SEVILLA;11:30-12:00;1;0
43002;CAMAS;SEVILLA;12:00-12:30;0;10
43002;CAMAS;SEVILLA;13:00-13:30;5;8
43002;CAMAS;SEVILLA;14:00-14:30;6;16
43002;CAMAS;SEVILLA;14:30-15:00;7;15
43002;CAMAS;SEVILLA;15:00-15:30;5;0
43002;CAMAS;SEVILLA;15:30-16:00;0;12
43002;CAMAS;SEVILLA;16:00-16:30;2;4
43002;CAMAS;SEVILLA;17:00-17:30;2;1
43002;CAMAS;SEVILLA;17:30-18:00;2;6
43002;CAMAS;SEVILLA;18:00-18:30;10;3
43002;CAMAS;SEVILLA;18:30-19:00;4;2
43002;CAMAS;SEVILLA;19:00-19:30;0;0
43002;CAMAS;SEVILLA;19:30-20:00;1;2
43002;CAMAS;SEVILLA;20:00-20:30;4;5
43002;CAMAS;SEVILLA;20:30-21:00;0;0
43002;CAMAS;SEVILLA;21:00-21:30;0;6
43002;CAMAS;SEVILLA;21:30-22:00;1;0
43002;CAMAS;SEVILLA;22:00-22:30;0;5
43002;CAMAS;SEVILLA;22:30-23:00;0;0
43002;CAMAS;SEVILLA;23:00-23:30;0;3
43003;VILLANUEVA DEL ARISCAL Y OLIVARES;SEVILLA;06:00-06:30;7;0
43003;VILLANUEVA DEL ARISCAL Y OLIVARES;SEVILLA;06:30-07:00;43;0
43003;VILLANUEVA DEL ARISCAL Y OLIVARES;SEVILLA;07:00-07:30;0;1
43003;VILLANUEVA DEL ARISCAL Y OLIVARES;SEVILLA;07:30-08:00;56;2
43003;VILLANUEVA DEL ARISCAL Y OLIVARES;SEVILLA;08:00-08:30;42;3
43003;VILLANUEVA DEL ARISCAL Y OLIVARES;SEVILLA;08:30-09:00;2;3
43003;VILLANUEVA DEL ARISCAL Y OLIVARES;SEVILLA;09:00-09:30;22;0
43003;VILLANUEVA DEL ARISCAL Y OLIVARES;SEVILLA;09:30-10:00;21;3
43003;VILLANUEVA DEL ARISCAL Y OLIVARES;SEVILLA;10:30-11:00;11;4
43003;VILLANUEVA DEL ARISCAL Y OLIVARES;SEVILLA;11:30-12:00;14;4
43003;VILLANUEVA DEL ARISCAL Y OLIVARES;SEVILLA;12:30-13:00;3;10
43003;VILLANUEVA DEL ARISCAL Y OLIVARES;SEVILLA;13:30-14:00;8;14
43003;VILLANUEVA DEL ARISCAL Y OLIVARES;SEVILLA;14:00-14:30;15;0
43003;VILLANUEVA DEL ARISCAL Y OLIVARES;SEVILLA;14:30-15:00;0;55
43003;VILLANUEVA DEL ARISCAL Y OLIVARES;SEVILLA;15:00-15:30;15;32
43003;VILLANUEVA DEL ARISCAL Y OLIVARES;SEVILLA;15:30-16:00;6;25
43003;VILLANUEVA DEL ARISCAL Y OLIVARES;SEVILLA;16:30-17:00;5;8
43003;VILLANUEVA DEL ARISCAL Y OLIVARES;SEVILLA;17:30-18:00;2;13
43003;VILLANUEVA DEL ARISCAL Y OLIVARES;SEVILLA;18:00-18:30;0;17
43003;VILLANUEVA DEL ARISCAL Y OLIVARES;SEVILLA;19:00-19:30;2;12
43003;VILLANUEVA DEL ARISCAL Y OLIVARES;SEVILLA;19:30-20:00;0;23
43003;VILLANUEVA DEL ARISCAL Y OLIVARES;SEVILLA;20:30-21:00;2;27
43003;VILLANUEVA DEL ARISCAL Y OLIVARES;SEVILLA;21:30-22:00;0;21
43003;VILLANUEVA DEL ARISCAL Y OLIVARES;SEVILLA;22:30-23:00;5;14
43003;VILLANUEVA DEL ARISCAL Y OLIVARES;SEVILLA;23:00-23:30;0;0
43003;VILLANUEVA DEL ARISCAL Y OLIVARES;SEVILLA;23:30-00:00;0;0
43004;SANLUCAR LA MAYOR;SEVILLA;06:00-06:30;3;0
43004;SANLUCAR LA MAYOR;SEVILLA;06:30-07:00;34;0
43004;SANLUCAR LA MAYOR;SEVILLA;07:00-07:30;34;4
43004;SANLUCAR LA MAYOR;SEVILLA;07:30-08:00;0;6
43004;SANLUCAR LA MAYOR;SEVILLA;08:00-08:30;40;5
43004;SANLUCAR LA MAYOR;SEVILLA;08:30-09:00;12;0
43004;SANLUCAR LA MAYOR;SEVILLA;09:00-09:30;0;8
43004;SANLUCAR LA MAYOR;SEVILLA;09:30-10:00;10;3
43004;SANLUCAR LA MAYOR;SEVILLA;10:30-11:00;13;2
43004;SANLUCAR LA MAYOR;SEVILLA;11:30-12:00;4;9
43004;SANLUCAR LA MAYOR;SEVILLA;12:30-13:00;6;10
43004;SANLUCAR LA MAYOR;SEVILLA;13:30-14:00;13;10
43004;SANLUCAR LA MAYOR;SEVILLA;14:00-14:30;10;0
43004;SANLUCAR LA MAYOR;SEVILLA;14:30-15:00;19;22
43004;SANLUCAR LA MAYOR;SEVILLA;15:00-15:30;0;28
43004;SANLUCAR LA MAYOR;SEVILLA;15:30-16:00;13;23
43004;SANLUCAR LA MAYOR;SEVILLA;16:30-17:00;5;16
43004;SANLUCAR LA MAYOR;SEVILLA;17:30-18:00;2;11
43004;SANLUCAR LA MAYOR;SEVILLA;18:00-18:30;5;1
43004;SANLUCAR LA MAYOR;SEVILLA;18:30-19:00;4;10
43004;SANLUCAR LA MAYOR;SEVILLA;19:00-19:30;1;12
43004;SANLUCAR LA MAYOR;SEVILLA;19:30-20:00;2;13
43004;SANLUCAR LA MAYOR;SEVILLA;20:30-21:00;14;29
43004;SANLUCAR LA MAYOR;SEVILLA;21:30-22:00;3;17
43004;SANLUCAR LA MAYOR;SEVILLA;22:30-23:00;3;14
43004;SANLUCAR LA MAYOR;SEVILLA;23:30-00:00;0;3
43005;BENACAZON;SEVILLA;06:00-06:30;2;0
43005;BENACAZON;SEVILLA;06:30-07:00;14;0
43005;BENACAZON;SEVILLA;07:00-07:30;16;1
43005;BENACAZON;SEVILLA;07:30-08:00;0;0
43005;BENACAZON;SEVILLA;08:00-08:30;15;0
43005;BENACAZON;SEVILLA;08:30-09:00;7;0
43005;BENACAZON;SEVILLA;09:00-09:30;0;0
43005;BENACAZON;SEVILLA;09:30-10:00;4;0
43005;BENACAZON;SEVILLA;10:30-11:00;7;2
43005;BENACAZON;SEVILLA;11:00-11:30;4;0
43005;BENACAZON;SEVILLA;11:30-12:00;0;2
43005;BENACAZON;SEVILLA;12:30-13:00;3;9
43005;BENACAZON;SEVILLA;13:30-14:00;3;3
43005;BENACAZON;SEVILLA;14:00-14:30;6;0
43005;BENACAZON;SEVILLA;14:30-15:00;2;18
43005;BENACAZON;SEVILLA;15:00-15:30;0;10
43005;BENACAZON;SEVILLA;15:30-16:00;1;6
43005;BENACAZON;SEVILLA;16:30-17:00;3;7
43005;BENACAZON;SEVILLA;17:30-18:00;5;7
43005;BENACAZON;SEVILLA;18:00-18:30;2;0
43005;BENACAZON;SEVILLA;18:30-19:00;1;3
43005;BENACAZON;SEVILLA;19:00-19:30;0;7
43005;BENACAZON;SEVILLA;19:30-20:00;0;3
43005;BENACAZON;SEVILLA;20:00-20:30;4;0
43005;BENACAZON;SEVILLA;20:30-21:00;0;6
43005;BENACAZON;SEVILLA;21:00-21:30;2;0
43005;BENACAZON;SEVILLA;21:30-22:00;0;11
43005;BENACAZON;SEVILLA;22:00-22:30;1;0
43005;BENACAZON;SEVILLA;22:30-23:00;0;6
43005;BENACAZON;SEVILLA;23:30-00:00;0;1
43026;VALENCINA-SANTIPONCE;SEVILLA;00:00-00:30;0;0
43026;VALENCINA-SANTIPONCE;SEVILLA;06:00-06:30;2;0
43026;VALENCINA-SANTIPONCE;SEVILLA;06:30-07:00;0;3
43026;VALENCINA-SANTIPONCE;SEVILLA;07:00-07:30;17;3
43026;VALENCINA-SANTIPONCE;SEVILLA;07:30-08:00;22;5
43026;VALENCINA-SANTIPONCE;SEVILLA;08:00-08:30;26;0
43026;VALENCINA-SANTIPONCE;SEVILLA;08:30-09:00;0;0
43026;VALENCINA-SANTIPONCE;SEVILLA;09:00-09:30;9;0
43026;VALENCINA-SANTIPONCE;SEVILLA;09:30-10:00;11;0
43026;VALENCINA-SANTIPONCE;SEVILLA;10:00-10:30;0;2
43026;VALENCINA-SANTIPONCE;SEVILLA;10:30-11:00;6;0
43026;VALENCINA-SANTIPONCE;SEVILLA;11:30-12:00;3;9
43026;VALENCINA-SANTIPONCE;SEVILLA;12:30-13:00;0;7
43026;VALENCINA-SANTIPONCE;SEVILLA;13:00-13:30;2;1
43026;VALENCINA-SANTIPONCE;SEVILLA;13:30-14:00;7;13
43026;VALENCINA-SANTIPONCE;SEVILLA;14:00-14:30;0;27
43026;VALENCINA-SANTIPONCE;SEVILLA;14:30-15:00;4;1
43026;VALENCINA-SANTIPONCE;SEVILLA;15:00-15:30;6;6
43026;VALENCINA-SANTIPONCE;SEVILLA;15:30-16:00;6;16
43026;VALENCINA-SANTIPONCE;SEVILLA;16:30-17:00;8;3
43026;VALENCINA-SANTIPONCE;SEVILLA;17:30-18:00;2;4
43026;VALENCINA-SANTIPONCE;SEVILLA;18:00-18:30;0;8
43026;VALENCINA-SANTIPONCE;SEVILLA;18:30-19:00;2;7
43026;VALENCINA-SANTIPONCE;SEVILLA;19:00-19:30;0;1
43026;VALENCINA-SANTIPONCE;SEVILLA;19:30-20:00;0;7
43026;VALENCINA-SANTIPONCE;SEVILLA;20:00-20:30;1;11
43026;VALENCINA-SANTIPONCE;SEVILLA;20:30-21:00;0;0
43026;VALENCINA-SANTIPONCE;SEVILLA;21:00-21:30;0;4
43026;VALENCINA-SANTIPONCE;SEVILLA;21:30-22:00;0;0
43026;VALENCINA-SANTIPONCE;SEVILLA;22:00-22:30;0;5
43026;VALENCINA-SANTIPONCE;SEVILLA;22:30-23:00;0;0
43026;VALENCINA-SANTIPONCE;SEVILLA;23:00-23:30;0;1
43027;SALTERAS;SEVILLA;06:00-06:30;4;0
43027;SALTERAS;SEVILLA;07:00-07:30;45;3
43027;SALTERAS;SEVILLA;07:30-08:00;64;7
43027;SALTERAS;SEVILLA;08:00-08:30;46;2
43027;SALTERAS;SEVILLA;08:30-09:00;1;0
43027;SALTERAS;SEVILLA;09:00-09:30;24;0
43027;SALTERAS;SEVILLA;09:30-10:00;12;6
43027;SALTERAS;SEVILLA;10:30-11:00;9;2
43027;SALTERAS;SEVILLA;11:30-12:00;10;4
43027;SALTERAS;SEVILLA;12:30-13:00;3;14
43027;SALTERAS;SEVILLA;13:30-14:00;13;29
43027;SALTERAS;SEVILLA;14:30-15:00;11;42
43027;SALTERAS;SEVILLA;15:00-15:30;12;26
43027;SALTERAS;SEVILLA;15:30-16:00;10;38
43027;SALTERAS;SEVILLA;16:30-17:00;12;11
43027;SALTERAS;SEVILLA;17:30-18:00;5;7
43027;SALTERAS;SEVILLA;18:00-18:30;1;13
43027;SALTERAS;SEVILLA;18:30-19:00;3;0
43027;SALTERAS;SEVILLA;19:00-19:30;4;14
43027;SALTERAS;SEVILLA;19:30-20:00;4;19
43027;SALTERAS;SEVILLA;20:30-21:00;4;25
43027;SALTERAS;SEVILLA;21:30-22:00;3;19
43027;SALTERAS;SEVILLA;22:30-23:00;0;10
43027;SALTERAS;SEVILLA;23:00-23:30;1;1
43027;SALTERAS;SEVILLA;23:30-00:00;0;0
50600;LORA DEL RIO;SEVILLA;06:00-06:30;56;15
50600;LORA DEL RIO;SEVILLA;06:30-07:00;51;0
50600;LORA DEL RIO;SEVILLA;07:00-07:30;237;8
50600;LORA DEL RIO;SEVILLA;07:30-08:00;0;71
50600;LORA DEL RIO;SEVILLA;08:00-08:30;141;15
50600;LORA DEL RIO;SEVILLA;08:30-09:00;0;33
50600;LORA DEL RIO;SEVILLA;09:00-09:30;49;11
50600;LORA DEL RIO;SEVILLA;09:30-10:00;51;17
50600;LORA DEL RIO;SEVILLA;10:00-10:30;65;0
50600;LORA DEL RIO;SEVILLA;10:30-11:00;0;8
50600;LORA DEL RIO;SEVILLA;11:00-11:30;36;0
50600;LORA DEL RIO;SEVILLA;11:30-12:00;0;27
50600;LORA DEL RIO;SEVILLA;12:00-12:30;23;0
50600;LORA DEL RIO;SEVILLA;12:30-13:00;0;40
50600;LORA DEL RIO;SEVILLA;13:00-13:30;82;0
50600;LORA DEL RIO;SEVILLA;13:30-14:00;0;67
50600;LORA DEL RIO;SEVILLA;14:00-14:30;51;54
50600;LORA DEL RIO;SEVILLA;14:30-15:00;0;70
50600;LORA DEL RIO;SEVILLA;15:00-15:30;132;78
50600;LORA DEL RIO;SEVILLA;15:30-16:00;0;91
50600;LORA DEL RIO;SEVILLA;16:00-16:30;55;53
50600;LORA DEL RIO;SEVILLA;17:00-17:30;19;43
50600;LORA DEL RIO;SEVILLA;18:00-18:30;5;21
50600;LORA DEL RIO;SEVILLA;18:30-19:00;15;33
50600;LORA DEL RIO;SEVILLA;19:00-19:30;7;39
50600;LORA DEL RIO;SEVILLA;19:30-20:00;13;47
50600;LORA DEL RIO;SEVILLA;20:00-20:30;16;41
50600;LORA DEL RIO;SEVILLA;20:30-21:00;0;53
50600;LORA DEL RIO;SEVILLA;21:00-21:30;0;48
50600;LORA DEL RIO;SEVILLA;21:30-22:00;3;27
50600;LORA DEL RIO;SEVILLA;22:00-22:30;0;46
50600;LORA DEL RIO;SEVILLA;22:30-23:00;4;0
50600;LORA DEL RIO;SEVILLA;23:00-23:30;0;24
50600;LORA DEL RIO;SEVILLA;23:30-00:00;2;0
50602;GUADAJOZ;SEVILLA;06:00-06:30;0;0
50602;GUADAJOZ;SEVILLA;06:30-07:00;17;1
50602;GUADAJOZ;SEVILLA;07:00-07:30;32;0
50602;GUADAJOZ;SEVILLA;07:30-08:00;26;1
50602;GUADAJOZ;SEVILLA;08:00-08:30;10;0
50602;GUADAJOZ;SEVILLA;08:30-09:00;20;4
50602;GUADAJOZ;SEVILLA;09:00-09:30;11;0
50602;GUADAJOZ;SEVILLA;09:30-10:00;5;0
50602;GUADAJOZ;SEVILLA;10:30-11:00;11;1
50602;GUADAJOZ;SEVILLA;11:30-12:00;6;2
50602;GUADAJOZ;SEVILLA;12:30-13:00;6;7
50602;GUADAJOZ;SEVILLA;13:30-14:00;16;29
50602;GUADAJOZ;SEVILLA;14:00-14:30;0;14
50602;GUADAJOZ;SEVILLA;14:30-15:00;7;12
50602;GUADAJOZ;SEVILLA;15:00-15:30;8;22
50602;GUADAJOZ;SEVILLA;15:30-16:00;3;16
50602;GUADAJOZ;SEVILLA;16:00-16:30;8;4
50602;GUADAJOZ;SEVILLA;17:00-17:30;0;8
50602;GUADAJOZ;SEVILLA;17:30-18:00;1;1
50602;GUADAJOZ;SEVILLA;18:00-18:30;0;11
50602;GUADAJOZ;SEVILLA;18:30-19:00;4;2
50602;GUADAJOZ;SEVILLA;19:00-19:30;0;5
50602;GUADAJOZ;SEVILLA;19:30-20:00;2;5
50602;GUADAJOZ;SEVILLA;20:00-20:30;0;6
50602;GUADAJOZ;SEVILLA;20:30-21:00;3;6
50602;GUADAJOZ;SEVILLA;21:00-21:30;1;9
50602;GUADAJOZ;SEVILLA;21:30-22:00;1;5
50602;GUADAJOZ;SEVILLA;22:00-22:30;0;9
50602;GUADAJOZ;SEVILLA;22:30-23:00;1;0
50602;GUADAJOZ;SEVILLA;23:00-23:30;0;0
50602;GUADAJOZ;SEVILLA;23:30-00:00;1;0
50700;LOS ROSALES;SEVILLA;06:00-06:30;12;2
50700;LOS ROSALES;SEVILLA;06:30-07:00;43;5
50700;LOS ROSALES;SEVILLA;07:00-07:30;51;5
50700;LOS ROSALES;SEVILLA;07:30-08:00;127;19
50700;LOS ROSALES;SEVILLA;08:00-08:30;28;3
50700;LOS ROSALES;SEVILLA;08:30-09:00;45;19
50700;LOS ROSALES;SEVILLA;09:00-09:30;27;3
50700;LOS ROSALES;SEVILLA;09:30-10:00;18;4
50700;LOS ROSALES;SEVILLA;10:30-11:00;24;16
50700;LOS ROSALES;SEVILLA;11:00-11:30;0;4
50700;LOS ROSALES;SEVILLA;11:30-12:00;16;12
50700;LOS ROSALES;SEVILLA;12:30-13:00;19;15
50700;LOS ROSALES;SEVILLA;13:30-14:00;42;23
50700;LOS ROSALES;SEVILLA;14:00-14:30;3;35
50700;LOS ROSALES;SEVILLA;14:30-15:00;29;27
50700;LOS ROSALES;SEVILLA;15:00-15:30;26;82
50700;LOS ROSALES;SEVILLA;15:30-16:00;15;50
50700;LOS ROSALES;SEVILLA;16:00-16:30;7;28
50700;LOS ROSALES;SEVILLA;16:30-17:00;7;2
50700;LOS ROSALES;SEVILLA;17:00-17:30;0;27
50700;LOS ROSALES;SEVILLA;17:30-18:00;19;7
50700;LOS ROSALES;SEVILLA;18:00-18:30;10;8
50700;LOS ROSALES;SEVILLA;18:30-19:00;4;15
50700;LOS ROSALES;SEVILLA;19:00-19:30;1;17
50700;LOS ROSALES;SEVILLA;19:30-20:00;1;29
50700;LOS ROSALES;SEVILLA;20:00-20:30;2;17
50700;LOS ROSALES;SEVILLA;20:30-21:00;9;32
50700;LOS ROSALES;SEVILLA;21:00-21:30;1;33
50700;LOS ROSALES;SEVILLA;21:30-22:00;1;17
50700;LOS ROSALES;SEVILLA;22:00-22:30;3;29
50700;LOS ROSALES;SEVILLA;22:30-23:00;0;2
50700;LOS ROSALES;SEVILLA;23:00-23:30;0;17
50700;LOS ROSALES;SEVILLA;23:30-00:00;0;2
50701;CANTILLANA;SEVILLA;05:30-06:00;0;0
50701;CANTILLANA;SEVILLA;06:00-06:30;11;0
50701;CANTILLANA;SEVILLA;06:30-07:00;35;2
50701;CANTILLANA;SEVILLA;07:00-07:30;75;2
50701;CANTILLANA;SEVILLA;07:30-08:00;45;11
50701;CANTILLANA;SEVILLA;08:00-08:30;21;6
50701;CANTILLANA;SEVILLA;08:30-09:00;25;6
50701;CANTILLANA;SEVILLA;09:00-09:30;0;7
50701;CANTILLANA;SEVILLA;09:30-10:00;33;4
50701;CANTILLANA;SEVILLA;10:30-11:00;11;6
50701;CANTILLANA;SEVILLA;11:00-11:30;0;0
50701;CANTILLANA;SEVILLA;11:30-12:00;7;4
50701;CANTILLANA;SEVILLA;12:00-12:30;1;9
50701;CANTILLANA;SEVILLA;12:30-13:00;7;0
50701;CANTILLANA;SEVILLA;13:30-14:00;20;9
50701;CANTILLANA;SEVILLA;14:00-14:30;1;11
50701;CANTILLANA;SEVILLA;14:30-15:00;26;27
50701;CANTILLANA;SEVILLA;15:00-15:30;12;65
50701;CANTILLANA;SEVILLA;15:30-16:00;14;23
50701;CANTILLANA;SEVILLA;16:00-16:30;9;28
50701;CANTILLANA;SEVILLA;16:30-17:00;5;0
50701;CANTILLANA;SEVILLA;17:00-17:30;2;15
50701;CANTILLANA;SEVILLA;17:30-18:00;5;0
50701;CANTILLANA;SEVILLA;18:00-18:30;4;6
50701;CANTILLANA;SEVILLA;18:30-19:00;3;16
50701;CANTILLANA;SEVILLA;19:00-19:30;2;0
50701;CANTILLANA;SEVILLA;19:30-20:00;3;21
50701;CANTILLANA;SEVILLA;20:00-20:30;2;19
50701;CANTILLANA;SEVILLA;20:30-21:00;4;1
50701;CANTILLANA;SEVILLA;21:00-21:30;0;32
50701;CANTILLANA;SEVILLA;22:00-22:30;4;24
50701;CANTILLANA;SEVILLA;22:30-23:00;0;0
50701;CANTILLANA;SEVILLA;23:00-23:30;1;7
50701;CANTILLANA;SEVILLA;23:30-00:00;1;0
50702;BRENES;SEVILLA;05:30-06:00;1;0
50702;BRENES;SEVILLA;06:00-06:30;11;0
50702;BRENES;SEVILLA;06:30-07:00;42;5
50702;BRENES;SEVILLA;07:00-07:30;86;3
50702;BRENES;SEVILLA;07:30-08:00;132;52
50702;BRENES;SEVILLA;08:00-08:30;30;13
50702;BRENES;SEVILLA;08:30-09:00;82;15
50702;BRENES;SEVILLA;09:00-09:30;1;12
50702;BRENES;SEVILLA;09:30-10:00;73;1
50702;BRENES;SEVILLA;10:00-10:30;4;16
50702;BRENES;SEVILLA;10:30-11:00;21;4
50702;BRENES;SEVILLA;11:00-11:30;5;18
50702;BRENES;SEVILLA;11:30-12:00;14;1
50702;BRENES;SEVILLA;12:00-12:30;2;25
50702;BRENES;SEVILLA;12:30-13:00;18;0
50702;BRENES;SEVILLA;13:00-13:30;1;43
50702;BRENES;SEVILLA;13:30-14:00;51;51
50702;BRENES;SEVILLA;14:00-14:30;4;49
50702;BRENES;SEVILLA;14:30-15:00;62;102
50702;BRENES;SEVILLA;15:00-15:30;22;8
50702;BRENES;SEVILLA;15:30-16:00;24;62
50702;BRENES;SEVILLA;16:00-16:30;12;41
50702;BRENES;SEVILLA;16:30-17:00;16;0
50702;BRENES;SEVILLA;17:00-17:30;1;24
50702;BRENES;SEVILLA;17:30-18:00;12;3
50702;BRENES;SEVILLA;18:00-18:30;22;52
50702;BRENES;SEVILLA;18:30-19:00;9;29
50702;BRENES;SEVILLA;19:00-19:30;13;21
50702;BRENES;SEVILLA;19:30-20:00;22;43
50702;BRENES;SEVILLA;20:00-20:30;5;28
50702;BRENES;SEVILLA;20:30-21:00;12;2
50702;BRENES;SEVILLA;21:00-21:30;1;77
50702;BRENES;SEVILLA;21:30-22:00;5;0
50702;BRENES;SEVILLA;22:00-22:30;8;39
50702;BRENES;SEVILLA;23:00-23:30;10;29
50702;BRENES;SEVILLA;23:30-00:00;1;0
50703;LA RINCONADA;SEVILLA;00:00-00:30;1;0
50703;LA RINCONADA;SEVILLA;05:30-06:00;9;0
50703;LA RINCONADA;SEVILLA;06:00-06:30;14;0
50703;LA RINCONADA;SEVILLA;06:30-07:00;8;2
50703;LA RINCONADA;SEVILLA;07:00-07:30;110;9
50703;LA RINCONADA;SEVILLA;07:30-08:00;169;16
50703;LA RINCONADA;SEVILLA;08:00-08:30;82;26
50703;LA RINCONADA;SEVILLA;08:30-09:00;93;5
50703;LA RINCONADA;SEVILLA;09:00-09:30;83;19
50703;LA RINCONADA;SEVILLA;09:30-10:00;49;4
50703;LA RINCONADA;SEVILLA;10:00-10:30;39;17
50703;LA RINCONADA;SEVILLA;11:00-11:30;43;23
50703;LA RINCONADA;SEVILLA;12:00-12:30;20;39
50703;LA RINCONADA;SEVILLA;13:00-13:30;28;70
50703;LA RINCONADA;SEVILLA;13:30-14:00;6;60
50703;LA RINCONADA;SEVILLA;14:00-14:30;63;88
50703;LA RINCONADA;SEVILLA;14:30-15:00;10;85
50703;LA RINCONADA;SEVILLA;15:00-15:30;72;97
50703;LA RINCONADA;SEVILLA;15:30-16:00;25;69
50703;LA RINCONADA;SEVILLA;16:00-16:30;21;0
50703;LA RINCONADA;SEVILLA;16:30-17:00;16;41
50703;LA RINCONADA;SEVILLA;17:00-17:30;25;1
50703;LA RINCONADA;SEVILLA;17:30-18:00;1;48
50703;LA RINCONADA;SEVILLA;18:00-18:30;21;16
50703;LA RINCONADA;SEVILLA;18:30-19:00;19;21
50703;LA RINCONADA;SEVILLA;19:00-19:30;11;35
50703;LA RINCONADA;SEVILLA;19:30-20:00;6;28
50703;LA RINCONADA;SEVILLA;20:00-20:30;10;48
50703;LA RINCONADA;SEVILLA;20:30-21:00;2;58
50703;LA RINCONADA;SEVILLA;21:00-21:30;10;27
50703;LA RINCONADA;SEVILLA;21:30-22:00;5;46
50703;LA RINCONADA;SEVILLA;22:00-22:30;0;1
50703;LA RINCONADA;SEVILLA;22:30-23:00;2;37
50703;LA RINCONADA;SEVILLA;23:00-23:30;2;2
50704;EL CAÑAMO;SEVILLA;00:00-00:30;1;1
50704;EL CAÑAMO;SEVILLA;05:30-06:00;2;1
50704;EL CAÑAMO;SEVILLA;06:00-06:30;9;1
50704;EL CAÑAMO;SEVILLA;06:30-07:00;39;7
50704;EL CAÑAMO;SEVILLA;07:00-07:30;37;12
50704;EL CAÑAMO;SEVILLA;07:30-08:00;97;57
50704;EL CAÑAMO;SEVILLA;08:00-08:30;49;24
50704;EL CAÑAMO;SEVILLA;08:30-09:00;43;4
50704;EL CAÑAMO;SEVILLA;09:00-09:30;70;10
50704;EL CAÑAMO;SEVILLA;09:30-10:00;23;5
50704;EL CAÑAMO;SEVILLA;10:00-10:30;28;9
50704;EL CAÑAMO;SEVILLA;11:00-11:30;38;11
50704;EL CAÑAMO;SEVILLA;12:00-12:30;32;15
50704;EL CAÑAMO;SEVILLA;13:00-13:30;20;30
50704;EL CAÑAMO;SEVILLA;13:30-14:00;7;40
50704;EL CAÑAMO;SEVILLA;14:00-14:30;46;51
50704;EL CAÑAMO;SEVILLA;14:30-15:00;50;52
50704;EL CAÑAMO;SEVILLA;15:00-15:30;53;70
50704;EL CAÑAMO;SEVILLA;15:30-16:00;34;41
50704;EL CAÑAMO;SEVILLA;16:00-16:30;10;7
50704;EL CAÑAMO;SEVILLA;16:30-17:00;31;25
50704;EL CAÑAMO;SEVILLA;17:30-18:00;2;24
50704;EL CAÑAMO;SEVILLA;18:00-18:30;26;24
50704;EL CAÑAMO;SEVILLA;18:30-19:00;19;17
50704;EL CAÑAMO;SEVILLA;19:00-19:30;4;27
50704;EL CAÑAMO;SEVILLA;19:30-20:00;2;34
50704;EL CAÑAMO;SEVILLA;20:00-20:30;2;34
50704;EL CAÑAMO;SEVILLA;20:30-21:00;4;40
50704;EL CAÑAMO;SEVILLA;21:00-21:30;14;22
50704;EL CAÑAMO;SEVILLA;21:30-22:00;8;25
50704;EL CAÑAMO;SEVILLA;22:00-22:30;9;1
50704;EL CAÑAMO;SEVILLA;22:30-23:00;2;15
50704;EL CAÑAMO;SEVILLA;23:00-23:30;1;0
51003;SEVILLA-SANTA JUSTA;SEVILLA;00:00-00:30;0;4
51003;SEVILLA-SANTA JUSTA;SEVILLA;05:00-05:30;8;0
51003;SEVILLA-SANTA JUSTA;SEVILLA;05:30-06:00;14;0
51003;SEVILLA-SANTA JUSTA;SEVILLA;06:00-06:30;0;0
51003;SEVILLA-SANTA JUSTA;SEVILLA;06:30-07:00;34;93
51003;SEVILLA-SANTA JUSTA;SEVILLA;07:00-07:30;192;500
51003;SEVILLA-SANTA JUSTA;SEVILLA;07:30-08:00;175;447
51003;SEVILLA-SANTA JUSTA;SEVILLA;08:00-08:30;283;533
51003;SEVILLA-SANTA JUSTA;SEVILLA;08:30-09:00;140;399
51003;SEVILLA-SANTA JUSTA;SEVILLA;09:00-09:30;47;214
51003;SEVILLA-SANTA JUSTA;SEVILLA;09:30-10:00;42;178
51003;SEVILLA-SANTA JUSTA;SEVILLA;10:00-10:30;67;176
51003;SEVILLA-SANTA JUSTA;SEVILLA;10:30-11:00;33;61
51003;SEVILLA-SANTA JUSTA;SEVILLA;11:00-11:30;96;144
51003;SEVILLA-SANTA JUSTA;SEVILLA;11:30-12:00;7;58
51003;SEVILLA-SANTA JUSTA;SEVILLA;12:00-12:30;177;96
51003;SEVILLA-SANTA JUSTA;SEVILLA;12:30-13:00;52;10
51003;SEVILLA-SANTA JUSTA;SEVILLA;13:00-13:30;216;109
51003;SEVILLA-SANTA JUSTA;SEVILLA;13:30-14:00;226;33
51003;SEVILLA-SANTA JUSTA;SEVILLA;14:00-14:30;287;210
51003;SEVILLA-SANTA JUSTA;SEVILLA;14:30-15:00;516;95
51003;SEVILLA-SANTA JUSTA;SEVILLA;15:00-15:30;283;289
51003;SEVILLA-SANTA JUSTA;SEVILLA;15:30-16:00;225;146
51003;SEVILLA-SANTA JUSTA;SEVILLA;16:00-16:30;85;114
51003;SEVILLA-SANTA JUSTA;SEVILLA;16:30-17:00;110;142
51003;SEVILLA-SANTA JUSTA;SEVILLA;17:00-17:30;91;116
51003;SEVILLA-SANTA JUSTA;SEVILLA;17:30-18:00;146;63
51003;SEVILLA-SANTA JUSTA;SEVILLA;18:00-18:30;133;101
51003;SEVILLA-SANTA JUSTA;SEVILLA;18:30-19:00;148;77
51003;SEVILLA-SANTA JUSTA;SEVILLA;19:00-19:30;230;81
51003;SEVILLA-SANTA JUSTA;SEVILLA;19:30-20:00;175;39
51003;SEVILLA-SANTA JUSTA;SEVILLA;20:00-20:30;180;62
51003;SEVILLA-SANTA JUSTA;SEVILLA;20:30-21:00;153;35
51003;SEVILLA-SANTA JUSTA;SEVILLA;21:00-21:30;138;64
51003;SEVILLA-SANTA JUSTA;SEVILLA;21:30-22:00;152;31
51003;SEVILLA-SANTA JUSTA;SEVILLA;22:00-22:30;16;20
51003;SEVILLA-SANTA JUSTA;SEVILLA;22:30-23:00;115;39
51003;SEVILLA-SANTA JUSTA;SEVILLA;23:00-23:30;1;11
51003;SEVILLA-SANTA JUSTA;SEVILLA;23:30-00:00;0;9
51009;PALACIO DE CONGRESOS;SEVILLA;06:00-06:30;2;0
51009;PALACIO DE CONGRESOS;SEVILLA;06:30-07:00;6;3
51009;PALACIO DE CONGRESOS;SEVILLA;07:00-07:30;10;3
51009;PALACIO DE CONGRESOS;SEVILLA;07:30-08:00;66;23
51009;PALACIO DE CONGRESOS;SEVILLA;08:00-08:30;41;27
51009;PALACIO DE CONGRESOS;SEVILLA;08:30-09:00;29;22
51009;PALACIO DE CONGRESOS;SEVILLA;09:00-09:30;18;30
51009;PALACIO DE CONGRESOS;SEVILLA;09:30-10:00;8;11
51009;PALACIO DE CONGRESOS;SEVILLA;10:00-10:30;12;5
51009;PALACIO DE CONGRESOS;SEVILLA;10:30-11:00;6;10
51009;PALACIO DE CONGRESOS;SEVILLA;11:00-11:30;8;2
51009;PALACIO DE CONGRESOS;SEVILLA;11:30-12:00;8;13
51009;PALACIO DE CONGRESOS;SEVILLA;12:00-12:30;10;5
51009;PALACIO DE CONGRESOS;SEVILLA;12:30-13:00;9;5
51009;PALACIO DE CONGRESOS;SEVILLA;13:00-13:30;8;5
51009;PALACIO DE CONGRESOS;SEVILLA;13:30-14:00;27;7
51009;PALACIO DE CONGRESOS;SEVILLA;14:00-14:30;12;19
51009;PALACIO DE CONGRESOS;SEVILLA;14:30-15:00;31;24
51009;PALACIO DE CONGRESOS;SEVILLA;15:00-15:30;14;22
51009;PALACIO DE CONGRESOS;SEVILLA;15:30-16:00;8;34
51009;PALACIO DE CONGRESOS;SEVILLA;16:00-16:30;8;9
51009;PALACIO DE CONGRESOS;SEVILLA;16:30-17:00;9;5
51009;PALACIO DE CONGRESOS;SEVILLA;17:00-17:30;3;7
51009;PALACIO DE CONGRESOS;SEVILLA;17:30-18:00;4;6
51009;PALACIO DE CONGRESOS;SEVILLA;18:00-18:30;12;8
51009;PALACIO DE CONGRESOS;SEVILLA;18:30-19:00;13;18
51009;PALACIO DE CONGRESOS;SEVILLA;19:00-19:30;7;8
51009;PALACIO DE CONGRESOS;SEVILLA;19:30-20:00;7;8
51009;PALACIO DE CONGRESOS;SEVILLA;20:00-20:30;11;11
51009;PALACIO DE CONGRESOS;SEVILLA;20:30-21:00;8;11
51009;PALACIO DE CONGRESOS;SEVILLA;21:00-21:30;4;12
51009;PALACIO DE CONGRESOS;SEVILLA;21:30-22:00;4;5
51009;PALACIO DE CONGRESOS;SEVILLA;22:00-22:30;2;3
51009;PALACIO DE CONGRESOS;SEVILLA;22:30-23:00;1;9
51010;PADRE PIO-PALMETE;SEVILLA;06:00-06:30;4;0
51010;PADRE PIO-PALMETE;SEVILLA;06:30-07:00;5;0
51010;PADRE PIO-PALMETE;SEVILLA;07:00-07:30;5;0
51010;PADRE PIO-PALMETE;SEVILLA;07:30-08:00;11;4
51010;PADRE PIO-PALMETE;SEVILLA;08:00-08:30;10;1
51010;PADRE PIO-PALMETE;SEVILLA;08:30-09:00;12;3
51010;PADRE PIO-PALMETE;SEVILLA;09:00-09:30;9;0
51010;PADRE PIO-PALMETE;SEVILLA;09:30-10:00;12;2
51010;PADRE PIO-PALMETE;SEVILLA;10:00-10:30;2;4
51010;PADRE PIO-PALMETE;SEVILLA;10:30-11:00;1;1
51010;PADRE PIO-PALMETE;SEVILLA;11:00-11:30;3;1
51010;PADRE PIO-PALMETE;SEVILLA;11:30-12:00;2;2
51010;PADRE PIO-PALMETE;SEVILLA;12:00-12:30;2;3
51010;PADRE PIO-PALMETE;SEVILLA;12:30-13:00;0;0
51010;PADRE PIO-PALMETE;SEVILLA;13:00-13:30;3;2
51010;PADRE PIO-PALMETE;SEVILLA;13:30-14:00;4;15
51010;PADRE PIO-PALMETE;SEVILLA;14:00-14:30;5;0
51010;PADRE PIO-PALMETE;SEVILLA;14:30-15:00;2;9
51010;PADRE PIO-PALMETE;SEVILLA;15:00-15:30;0;4
51010;PADRE PIO-PALMETE;SEVILLA;15:30-16:00;0;8
51010;PADRE PIO-PALMETE;SEVILLA;16:00-16:30;1;3
51010;PADRE PIO-PALMETE;SEVILLA;16:30-17:00;1;1
51010;PADRE PIO-PALMETE;SEVILLA;17:00-17:30;2;0
51010;PADRE PIO-PALMETE;SEVILLA;17:30-18:00;1;4
51010;PADRE PIO-PALMETE;SEVILLA;18:00-18:30;5;1
51010;PADRE PIO-PALMETE;SEVILLA;18:30-19:00;2;4
51010;PADRE PIO-PALMETE;SEVILLA;19:00-19:30;1;3
51010;PADRE PIO-PALMETE;SEVILLA;19:30-20:00;0;1
51010;PADRE PIO-PALMETE;SEVILLA;20:00-20:30;3;1
51010;PADRE PIO-PALMETE;SEVILLA;20:30-21:00;1;2
51010;PADRE PIO-PALMETE;SEVILLA;21:00-21:30;0;3
51010;PADRE PIO-PALMETE;SEVILLA;21:30-22:00;0;2
51010;PADRE PIO-PALMETE;SEVILLA;22:00-22:30;0;3
51010;PADRE PIO-PALMETE;SEVILLA;22:30-23:00;0;0
51050;CARTUJA;SEVILLA;07:30-08:00;0;7
51050;CARTUJA;SEVILLA;08:00-08:30;0;23
51050;CARTUJA;SEVILLA;08:30-09:00;1;0
51050;CARTUJA;SEVILLA;09:00-09:30;0;3
51050;CARTUJA;SEVILLA;09:30-10:00;0;0
51050;CARTUJA;SEVILLA;10:30-11:00;1;1
51050;CARTUJA;SEVILLA;11:30-12:00;0;0
51050;CARTUJA;SEVILLA;12:00-12:30;0;0
51050;CARTUJA;SEVILLA;12:30-13:00;3;0
51050;CARTUJA;SEVILLA;13:30-14:00;0;1
51050;CARTUJA;SEVILLA;14:30-15:00;3;5
51050;CARTUJA;SEVILLA;15:30-16:00;0;0
51050;CARTUJA;SEVILLA;16:00-16:30;0;0
51050;CARTUJA;SEVILLA;16:30-17:00;1;0
51050;CARTUJA;SEVILLA;17:00-17:30;0;0
51050;CARTUJA;SEVILLA;17:30-18:00;2;0
51050;CARTUJA;SEVILLA;18:30-19:00;6;0
51050;CARTUJA;SEVILLA;19:00-19:30;0;0
51050;CARTUJA;SEVILLA;19:30-20:00;2;0
51050;CARTUJA;SEVILLA;20:00-20:30;0;0
51050;CARTUJA;SEVILLA;20:30-21:00;0;0
51050;CARTUJA;SEVILLA;21:00-21:30;0;0
51050;CARTUJA;SEVILLA;22:00-22:30;2;0
51051;ESTADIO OLIMPICO;SEVILLA;07:30-08:00;0;1
51051;ESTADIO OLIMPICO;SEVILLA;08:00-08:30;0;41
51051;ESTADIO OLIMPICO;SEVILLA;08:30-09:00;0;0
51051;ESTADIO OLIMPICO;SEVILLA;09:00-09:30;0;6
51051;ESTADIO OLIMPICO;SEVILLA;09:30-10:00;0;0
51051;ESTADIO OLIMPICO;SEVILLA;10:30-11:00;3;2
51051;ESTADIO OLIMPICO;SEVILLA;11:30-12:00;0;1
51051;ESTADIO OLIMPICO;SEVILLA;12:00-12:30;0;0
51051;ESTADIO OLIMPICO;SEVILLA;12:30-13:00;4;0
51051;ESTADIO OLIMPICO;SEVILLA;13:30-14:00;2;1
51051;ESTADIO OLIMPICO;SEVILLA;14:00-14:30;1;3
51051;ESTADIO OLIMPICO;SEVILLA;14:30-15:00;23;0
51051;ESTADIO OLIMPICO;SEVILLA;15:30-16:00;0;3
51051;ESTADIO OLIMPICO;SEVILLA;16:00-16:30;0;1
51051;ESTADIO OLIMPICO;SEVILLA;16:30-17:00;0;0
51051;ESTADIO OLIMPICO;SEVILLA;17:00-17:30;0;0
51051;ESTADIO OLIMPICO;SEVILLA;17:30-18:00;1;0
51051;ESTADIO OLIMPICO;SEVILLA;18:00-18:30;0;0
51051;ESTADIO OLIMPICO;SEVILLA;18:30-19:00;1;0
51051;ESTADIO OLIMPICO;SEVILLA;19:00-19:30;0;0
51051;ESTADIO OLIMPICO;SEVILLA;19:30-20:00;1;0
51051;ESTADIO OLIMPICO;SEVILLA;20:00-20:30;0;0
51051;ESTADIO OLIMPICO;SEVILLA;20:30-21:00;5;0
51051;ESTADIO OLIMPICO;SEVILLA;21:00-21:30;0;0
51051;ESTADIO OLIMPICO;SEVILLA;22:00-22:30;0;0
51100;SAN BERNARDO;SEVILLA;05:00-05:30;0;2
51100;SAN BERNARDO;SEVILLA;06:00-06:30;5;58
51100;SAN BERNARDO;SEVILLA;06:30-07:00;24;99
51100;SAN BERNARDO;SEVILLA;07:00-07:30;68;255
51100;SAN BERNARDO;SEVILLA;07:30-08:00;102;595
51100;SAN BERNARDO;SEVILLA;08:00-08:30;58;593
51100;SAN BERNARDO;SEVILLA;08:30-09:00;65;585
51100;SAN BERNARDO;SEVILLA;09:00-09:30;27;783
51100;SAN BERNARDO;SEVILLA;09:30-10:00;4;146
51100;SAN BERNARDO;SEVILLA;10:00-10:30;63;262
51100;SAN BERNARDO;SEVILLA;10:30-11:00;35;60
51100;SAN BERNARDO;SEVILLA;11:00-11:30;96;252
51100;SAN BERNARDO;SEVILLA;11:30-12:00;52;62
51100;SAN BERNARDO;SEVILLA;12:00-12:30;166;59
51100;SAN BERNARDO;SEVILLA;12:30-13:00;108;15
51100;SAN BERNARDO;SEVILLA;13:00-13:30;290;121
51100;SAN BERNARDO;SEVILLA;13:30-14:00;344;61
51100;SAN BERNARDO;SEVILLA;14:00-14:30;505;220
51100;SAN BERNARDO;SEVILLA;14:30-15:00;445;138
51100;SAN BERNARDO;SEVILLA;15:00-15:30;526;286
51100;SAN BERNARDO;SEVILLA;15:30-16:00;177;258
51100;SAN BERNARDO;SEVILLA;16:00-16:30;24;80
51100;SAN BERNARDO;SEVILLA;16:30-17:00;237;244
51100;SAN BERNARDO;SEVILLA;17:00-17:30;91;73
51100;SAN BERNARDO;SEVILLA;17:30-18:00;181;66
51100;SAN BERNARDO;SEVILLA;18:00-18:30;214;107
51100;SAN BERNARDO;SEVILLA;18:30-19:00;96;19
51100;SAN BERNARDO;SEVILLA;19:00-19:30;294;90
51100;SAN BERNARDO;SEVILLA;19:30-20:00;245;30
51100;SAN BERNARDO;SEVILLA;20:00-20:30;221;29
51100;SAN BERNARDO;SEVILLA;20:30-21:00;336;48
51100;SAN BERNARDO;SEVILLA;21:00-21:30;134;18
51100;SAN BERNARDO;SEVILLA;21:30-22:00;194;30
51100;SAN BERNARDO;SEVILLA;22:00-22:30;27;20
51100;SAN BERNARDO;SEVILLA;22:30-23:00;133;27
51100;SAN BERNARDO;SEVILLA;23:00-23:30;5;1
51100;SAN BERNARDO;SEVILLA;23:30-00:00;0;19
51103;DOS HERMANAS;SEVILLA;05:00-05:30;0;0
51103;DOS HERMANAS;SEVILLA;06:00-06:30;52;5
51103;DOS HERMANAS;SEVILLA;06:30-07:00;49;3
51103;DOS HERMANAS;SEVILLA;07:00-07:30;236;23
51103;DOS HERMANAS;SEVILLA;07:30-08:00;265;50
51103;DOS HERMANAS;SEVILLA;08:00-08:30;153;61
51103;DOS HERMANAS;SEVILLA;08:30-09:00;183;80
51103;DOS HERMANAS;SEVILLA;09:00-09:30;215;33
51103;DOS HERMANAS;SEVILLA;09:30-10:00;69;35
51103;DOS HERMANAS;SEVILLA;10:00-10:30;69;52
51103;DOS HERMANAS;SEVILLA;10:30-11:00;68;27
51103;DOS HERMANAS;SEVILLA;11:00-11:30;32;45
51103;DOS HERMANAS;SEVILLA;11:30-12:00;33;44
51103;DOS HERMANAS;SEVILLA;12:30-13:00;62;106
51103;DOS HERMANAS;SEVILLA;13:00-13:30;41;75
51103;DOS HERMANAS;SEVILLA;13:30-14:00;71;82
51103;DOS HERMANAS;SEVILLA;14:00-14:30;112;102
51103;DOS HERMANAS;SEVILLA;14:30-15:00;118;223
51103;DOS HERMANAS;SEVILLA;15:00-15:30;82;164
51103;DOS HERMANAS;SEVILLA;15:30-16:00;56;121
51103;DOS HERMANAS;SEVILLA;16:00-16:30;41;53
51103;DOS HERMANAS;SEVILLA;16:30-17:00;59;79
51103;DOS HERMANAS;SEVILLA;17:00-17:30;72;79
51103;DOS HERMANAS;SEVILLA;17:30-18:00;31;4
51103;DOS HERMANAS;SEVILLA;18:00-18:30;33;69
51103;DOS HERMANAS;SEVILLA;18:30-19:00;49;61
51103;DOS HERMANAS;SEVILLA;19:00-19:30;34;60
51103;DOS HERMANAS;SEVILLA;19:30-20:00;29;73
51103;DOS HERMANAS;SEVILLA;20:00-20:30;28;114
51103;DOS HERMANAS;SEVILLA;20:30-21:00;31;91
51103;DOS HERMANAS;SEVILLA;21:00-21:30;26;61
51103;DOS HERMANAS;SEVILLA;21:30-22:00;15;62
51103;DOS HERMANAS;SEVILLA;22:00-22:30;20;62
51103;DOS HERMANAS;SEVILLA;22:30-23:00;5;37
51103;DOS HERMANAS;SEVILLA;23:00-23:30;24;2
51110;VIRGEN DEL ROCIO;SEVILLA;05:00-05:30;2;0
51110;VIRGEN DEL ROCIO;SEVILLA;06:00-06:30;6;22
51110;VIRGEN DEL ROCIO;SEVILLA;06:30-07:00;15;23
51110;VIRGEN DEL ROCIO;SEVILLA;07:00-07:30;35;99
51110;VIRGEN DEL ROCIO;SEVILLA;07:30-08:00;60;514
51110;VIRGEN DEL ROCIO;SEVILLA;08:00-08:30;58;497
51110;VIRGEN DEL ROCIO;SEVILLA;08:30-09:00;43;172
51110;VIRGEN DEL ROCIO;SEVILLA;09:00-09:30;36;132
51110;VIRGEN DEL ROCIO;SEVILLA;09:30-10:00;30;123
51110;VIRGEN DEL ROCIO;SEVILLA;10:00-10:30;56;159
51110;VIRGEN DEL ROCIO;SEVILLA;10:30-11:00;39;38
51110;VIRGEN DEL ROCIO;SEVILLA;11:00-11:30;67;71
51110;VIRGEN DEL ROCIO;SEVILLA;11:30-12:00;27;55
51110;VIRGEN DEL ROCIO;SEVILLA;12:00-12:30;88;52
51110;VIRGEN DEL ROCIO;SEVILLA;12:30-13:00;75;40
51110;VIRGEN DEL ROCIO;SEVILLA;13:00-13:30;200;62
51110;VIRGEN DEL ROCIO;SEVILLA;13:30-14:00;128;23
51110;VIRGEN DEL ROCIO;SEVILLA;14:00-14:30;227;137
51110;VIRGEN DEL ROCIO;SEVILLA;14:30-15:00;268;35
51110;VIRGEN DEL ROCIO;SEVILLA;15:00-15:30;390;114
51110;VIRGEN DEL ROCIO;SEVILLA;15:30-16:00;78;93
51110;VIRGEN DEL ROCIO;SEVILLA;16:00-16:30;47;21
51110;VIRGEN DEL ROCIO;SEVILLA;16:30-17:00;58;47
51110;VIRGEN DEL ROCIO;SEVILLA;17:00-17:30;83;58
51110;VIRGEN DEL ROCIO;SEVILLA;17:30-18:00;82;33
51110;VIRGEN DEL ROCIO;SEVILLA;18:00-18:30;79;35
51110;VIRGEN DEL ROCIO;SEVILLA;18:30-19:00;41;24
51110;VIRGEN DEL ROCIO;SEVILLA;19:00-19:30;107;47
51110;VIRGEN DEL ROCIO;SEVILLA;19:30-20:00;89;56
51110;VIRGEN DEL ROCIO;SEVILLA;20:00-20:30;111;15
51110;VIRGEN DEL ROCIO;SEVILLA;20:30-21:00;93;32
51110;VIRGEN DEL ROCIO;SEVILLA;21:00-21:30;66;12
51110;VIRGEN DEL ROCIO;SEVILLA;21:30-22:00;49;11
51110;VIRGEN DEL ROCIO;SEVILLA;22:00-22:30;51;9
51110;VIRGEN DEL ROCIO;SEVILLA;22:30-23:00;28;9
51110;VIRGEN DEL ROCIO;SEVILLA;23:00-23:30;1;3
51110;VIRGEN DEL ROCIO;SEVILLA;23:30-00:00;1;10
51111;BELLAVISTA;SEVILLA;05:00-05:30;0;0
51111;BELLAVISTA;SEVILLA;06:00-06:30;6;6
51111;BELLAVISTA;SEVILLA;06:30-07:00;11;1
51111;BELLAVISTA;SEVILLA;07:00-07:30;47;57
51111;BELLAVISTA;SEVILLA;07:30-08:00;25;50
51111;BELLAVISTA;SEVILLA;08:00-08:30;33;51
51111;BELLAVISTA;SEVILLA;08:30-09:00;45;38
51111;BELLAVISTA;SEVILLA;09:00-09:30;27;10
51111;BELLAVISTA;SEVILLA;09:30-10:00;16;22
51111;BELLAVISTA;SEVILLA;10:00-10:30;13;19
51111;BELLAVISTA;SEVILLA;10:30-11:00;10;6
51111;BELLAVISTA;SEVILLA;11:00-11:30;11;7
51111;BELLAVISTA;SEVILLA;11:30-12:00;21;14
51111;BELLAVISTA;SEVILLA;12:30-13:00;30;14
51111;BELLAVISTA;SEVILLA;13:00-13:30;12;13
51111;BELLAVISTA;SEVILLA;13:30-14:00;30;18
51111;BELLAVISTA;SEVILLA;14:00-14:30;66;55
51111;BELLAVISTA;SEVILLA;14:30-15:00;63;17
51111;BELLAVISTA;SEVILLA;15:00-15:30;38;25
51111;BELLAVISTA;SEVILLA;15:30-16:00;14;39
51111;BELLAVISTA;SEVILLA;16:00-16:30;26;10
51111;BELLAVISTA;SEVILLA;16:30-17:00;8;18
51111;BELLAVISTA;SEVILLA;17:00-17:30;15;17
51111;BELLAVISTA;SEVILLA;17:30-18:00;4;2
51111;BELLAVISTA;SEVILLA;18:00-18:30;10;7
51111;BELLAVISTA;SEVILLA;18:30-19:00;14;19
51111;BELLAVISTA;SEVILLA;19:00-19:30;14;20
51111;BELLAVISTA;SEVILLA;19:30-20:00;14;9
51111;BELLAVISTA;SEVILLA;20:00-20:30;20;16
51111;BELLAVISTA;SEVILLA;20:30-21:00;14;21
51111;BELLAVISTA;SEVILLA;21:00-21:30;22;39
51111;BELLAVISTA;SEVILLA;22:00-22:30;7;23
51111;BELLAVISTA;SEVILLA;22:30-23:00;2;9
51111;BELLAVISTA;SEVILLA;23:30-00:00;0;2
51112;CANTAELGALLO;SEVILLA;05:00-05:30;0;0
51112;CANTAELGALLO;SEVILLA;06:00-06:30;35;4
51112;CANTAELGALLO;SEVILLA;06:30-07:00;31;0
51112;CANTAELGALLO;SEVILLA;07:00-07:30;202;10
51112;CANTAELGALLO;SEVILLA;07:30-08:00;173;32
51112;CANTAELGALLO;SEVILLA;08:00-08:30;108;27
51112;CANTAELGALLO;SEVILLA;08:30-09:00;129;40
51112;CANTAELGALLO;SEVILLA;09:00-09:30;134;14
51112;CANTAELGALLO;SEVILLA;09:30-10:00;36;8
51112;CANTAELGALLO;SEVILLA;10:00-10:30;29;17
51112;CANTAELGALLO;SEVILLA;10:30-11:00;24;6
51112;CANTAELGALLO;SEVILLA;11:00-11:30;25;12
51112;CANTAELGALLO;SEVILLA;11:30-12:00;26;26
51112;CANTAELGALLO;SEVILLA;12:30-13:00;19;51
51112;CANTAELGALLO;SEVILLA;13:00-13:30;19;34
51112;CANTAELGALLO;SEVILLA;13:30-14:00;25;51
51112;CANTAELGALLO;SEVILLA;14:00-14:30;61;86
51112;CANTAELGALLO;SEVILLA;14:30-15:00;54;189
51112;CANTAELGALLO;SEVILLA;15:00-15:30;53;153
51112;CANTAELGALLO;SEVILLA;15:30-16:00;41;96
51112;CANTAELGALLO;SEVILLA;16:00-16:30;43;84
51112;CANTAELGALLO;SEVILLA;16:30-17:00;23;43
51112;CANTAELGALLO;SEVILLA;17:00-17:30;25;30
51112;CANTAELGALLO;SEVILLA;17:30-18:00;13;31
51112;CANTAELGALLO;SEVILLA;18:00-18:30;15;36
51112;CANTAELGALLO;SEVILLA;18:30-19:00;10;46
51112;CANTAELGALLO;SEVILLA;19:00-19:30;10;49
51112;CANTAELGALLO;SEVILLA;19:30-20:00;12;60
51112;CANTAELGALLO;SEVILLA;20:00-20:30;9;40
51112;CANTAELGALLO;SEVILLA;20:30-21:00;14;48
51112;CANTAELGALLO;SEVILLA;21:00-21:30;33;53
51112;CANTAELGALLO;SEVILLA;21:30-22:00;2;33
51112;CANTAELGALLO;SEVILLA;22:00-22:30;8;40
51112;CANTAELGALLO;SEVILLA;23:00-23:30;11;24
51113;JARDINES DE HERCULES;SEVILLA;05:00-05:30;0;0
51113;JARDINES DE HERCULES;SEVILLA;06:00-06:30;2;1
51113;JARDINES DE HERCULES;SEVILLA;06:30-07:00;4;2
51113;JARDINES DE HERCULES;SEVILLA;07:00-07:30;18;11
51113;JARDINES DE HERCULES;SEVILLA;07:30-08:00;16;16
51113;JARDINES DE HERCULES;SEVILLA;08:00-08:30;34;53
51113;JARDINES DE HERCULES;SEVILLA;08:30-09:00;15;21
51113;JARDINES DE HERCULES;SEVILLA;09:00-09:30;26;20
51113;JARDINES DE HERCULES;SEVILLA;09:30-10:00;13;1
51113;JARDINES DE HERCULES;SEVILLA;10:00-10:30;5;7
51113;JARDINES DE HERCULES;SEVILLA;10:30-11:00;9;2
51113;JARDINES DE HERCULES;SEVILLA;11:00-11:30;12;2
51113;JARDINES DE HERCULES;SEVILLA;11:30-12:00;9;5
51113;JARDINES DE HERCULES;SEVILLA;12:00-12:30;8;9
51113;JARDINES DE HERCULES;SEVILLA;12:30-13:00;4;0
51113;JARDINES DE HERCULES;SEVILLA;13:00-13:30;7;21
51113;JARDINES DE HERCULES;SEVILLA;13:30-14:00;11;8
51113;JARDINES DE HERCULES;SEVILLA;14:00-14:30;23;18
51113;JARDINES DE HERCULES;SEVILLA;14:30-15:00;14;18
51113;JARDINES DE HERCULES;SEVILLA;15:00-15:30;34;29
51113;JARDINES DE HERCULES;SEVILLA;15:30-16:00;6;22
51113;JARDINES DE HERCULES;SEVILLA;16:00-16:30;19;3
51113;JARDINES DE HERCULES;SEVILLA;16:30-17:00;9;10
51113;JARDINES DE HERCULES;SEVILLA;17:00-17:30;15;7
51113;JARDINES DE HERCULES;SEVILLA;17:30-18:00;9;9
51113;JARDINES DE HERCULES;SEVILLA;18:00-18:30;12;9
51113;JARDINES DE HERCULES;SEVILLA;18:30-19:00;6;14
51113;JARDINES DE HERCULES;SEVILLA;19:00-19:30;9;30
51113;JARDINES DE HERCULES;SEVILLA;19:30-20:00;8;11
51113;JARDINES DE HERCULES;SEVILLA;20:00-20:30;12;9
51113;JARDINES DE HERCULES;SEVILLA;20:30-21:00;7;12
51113;JARDINES DE HERCULES;SEVILLA;21:00-21:30;2;23
51113;JARDINES DE HERCULES;SEVILLA;21:30-22:00;9;2
51113;JARDINES DE HERCULES;SEVILLA;22:00-22:30;1;15
51113;JARDINES DE HERCULES;SEVILLA;22:30-23:00;0;7
51113;JARDINES DE HERCULES;SEVILLA;23:00-23:30;0;4
51113;JARDINES DE HERCULES;SEVILLA;23:30-00:00;0;0
51200;UTRERA;SEVILLA;05:30-06:00;0;0
51200;UTRERA;SEVILLA;06:00-06:30;90;10
51200;UTRERA;SEVILLA;06:30-07:00;103;2
51200;UTRERA;SEVILLA;07:00-07:30;377;35
51200;UTRERA;SEVILLA;07:30-08:00;120;29
51200;UTRERA;SEVILLA;08:00-08:30;351;13
51200;UTRERA;SEVILLA;08:30-09:00;181;36
51200;UTRERA;SEVILLA;09:00-09:30;182;32
51200;UTRERA;SEVILLA;09:30-10:00;92;24
51200;UTRERA;SEVILLA;10:00-10:30;89;30
51200;UTRERA;SEVILLA;10:30-11:00;67;16
51200;UTRERA;SEVILLA;11:00-11:30;116;30
51200;UTRERA;SEVILLA;11:30-12:00;0;84
51200;UTRERA;SEVILLA;12:30-13:00;48;137
51200;UTRERA;SEVILLA;13:00-13:30;14;89
51200;UTRERA;SEVILLA;13:30-14:00;36;113
51200;UTRERA;SEVILLA;14:00-14:30;87;170
51200;UTRERA;SEVILLA;14:30-15:00;124;152
51200;UTRERA;SEVILLA;15:00-15:30;107;375
51200;UTRERA;SEVILLA;15:30-16:00;48;129
51200;UTRERA;SEVILLA;16:00-16:30;74;64
51200;UTRERA;SEVILLA;16:30-17:00;30;0
51200;UTRERA;SEVILLA;17:00-17:30;50;93
51200;UTRERA;SEVILLA;17:30-18:00;69;56
51200;UTRERA;SEVILLA;18:00-18:30;0;96
51200;UTRERA;SEVILLA;18:30-19:00;45;80
51200;UTRERA;SEVILLA;19:00-19:30;18;61
51200;UTRERA;SEVILLA;19:30-20:00;0;100
51200;UTRERA;SEVILLA;20:00-20:30;38;103
51200;UTRERA;SEVILLA;20:30-21:00;6;121
51200;UTRERA;SEVILLA;21:00-21:30;25;112
51200;UTRERA;SEVILLA;21:30-22:00;15;88
51200;UTRERA;SEVILLA;22:00-22:30;10;85
51200;UTRERA;SEVILLA;23:00-23:30;8;55
51202;LAS CABEZAS DE SAN JUAN;SEVILLA;05:30-06:00;0;0
51202;LAS CABEZAS DE SAN JUAN;SEVILLA;06:30-07:00;17;0
51202;LAS CABEZAS DE SAN JUAN;SEVILLA;07:00-07:30;40;1
51202;LAS CABEZAS DE SAN JUAN;SEVILLA;15:00-15:30;0;47
51202;LAS CABEZAS DE SAN JUAN;SEVILLA;15:30-16:00;35;24
51202;LAS CABEZAS DE SAN JUAN;SEVILLA;16:00-16:30;2;0
51202;LAS CABEZAS DE SAN JUAN;SEVILLA;21:00-21:30;0;6
51202;LAS CABEZAS DE SAN JUAN;SEVILLA;21:30-22:00;0;0
51203;LEBRIJA;SEVILLA;06:00-06:30;64;2
51203;LEBRIJA;SEVILLA;07:00-07:30;110;0
51203;LEBRIJA;SEVILLA;15:00-15:30;0;87
51203;LEBRIJA;SEVILLA;15:30-16:00;3;67
51203;LEBRIJA;SEVILLA;16:00-16:30;4;0
51203;LEBRIJA;SEVILLA;21:00-21:30;0;49
51203;LEBRIJA;SEVILLA;21:30-22:00;2;0
51003;SEVILLA-SANTA JUSTA;SEVILLA;06:00-06:30;0;2
51003;SEVILLA-SANTA JUSTA;SEVILLA;06:30-07:00;0;6
51003;SEVILLA-SANTA JUSTA;SEVILLA;07:00-07:30;0;8
51003;SEVILLA-SANTA JUSTA;SEVILLA;07:30-08:00;0;15
51003;SEVILLA-SANTA JUSTA;SEVILLA;08:00-08:30;0;8
51003;SEVILLA-SANTA JUSTA;SEVILLA;08:30-09:00;0;7
51003;SEVILLA-SANTA JUSTA;SEVILLA;09:00-09:30;0;2
51003;SEVILLA-SANTA JUSTA;SEVILLA;09:30-10:00;0;7
51003;SEVILLA-SANTA JUSTA;SEVILLA;10:00-10:30;0;8
51003;SEVILLA-SANTA JUSTA;SEVILLA;10:30-11:00;0;8
51003;SEVILLA-SANTA JUSTA;SEVILLA;11:00-11:30;0;5
51003;SEVILLA-SANTA JUSTA;SEVILLA;11:30-12:00;0;11
51003;SEVILLA-SANTA JUSTA;SEVILLA;12:00-12:30;0;6
51003;SEVILLA-SANTA JUSTA;SEVILLA;12:30-13:00;0;14
51003;SEVILLA-SANTA JUSTA;SEVILLA;13:00-13:30;0;16
51003;SEVILLA-SANTA JUSTA;SEVILLA;13:30-14:00;0;17
51003;SEVILLA-SANTA JUSTA;SEVILLA;14:00-14:30;0;15
51003;SEVILLA-SANTA JUSTA;SEVILLA;14:30-15:00;0;40
51003;SEVILLA-SANTA JUSTA;SEVILLA;15:00-15:30;0;36
51003;SEVILLA-SANTA JUSTA;SEVILLA;15:30-16:00;0;7
51003;SEVILLA-SANTA JUSTA;SEVILLA;16:00-16:30;0;5
51003;SEVILLA-SANTA JUSTA;SEVILLA;16:30-17:00;0;6
51003;SEVILLA-SANTA JUSTA;SEVILLA;17:00-17:30;0;7
51003;SEVILLA-SANTA JUSTA;SEVILLA;17:30-18:00;0;2
51003;SEVILLA-SANTA JUSTA;SEVILLA;18:00-18:30;0;14
51003;SEVILLA-SANTA JUSTA;SEVILLA;18:30-19:00;0;22
51003;SEVILLA-SANTA JUSTA;SEVILLA;19:00-19:30;0;7
51003;SEVILLA-SANTA JUSTA;SEVILLA;19:30-20:00;0;8
51003;SEVILLA-SANTA JUSTA;SEVILLA;20:00-20:30;0;13
51003;SEVILLA-SANTA JUSTA;SEVILLA;20:30-21:00;0;3
51003;SEVILLA-SANTA JUSTA;SEVILLA;21:00-21:30;0;5
51003;SEVILLA-SANTA JUSTA;SEVILLA;21:30-22:00;0;3
51003;SEVILLA-SANTA JUSTA;SEVILLA;22:00-22:30;0;4
51003;SEVILLA-SANTA JUSTA;SEVILLA;22:30-23:00;0;3
40113;CAZALLA-CONSTANTINA;SEVILLA;10:00-10:30;13;0
40113;CAZALLA-CONSTANTINA;SEVILLA;18:30-19:00;0;24
51205;AEROPUERTO DE JEREZ;CÁDIZ;07:00-07:30;1;7
51205;AEROPUERTO DE JEREZ;CÁDIZ;13:00-13:30;1;18
51205;AEROPUERTO DE JEREZ;CÁDIZ;19:00-19:30;9;2
51300;JEREZ DE LA FRONTERA;CÁDIZ;06:00-06:30;47;0
51300;JEREZ DE LA FRONTERA;CÁDIZ;06:30-07:00;124;0
51300;JEREZ DE LA FRONTERA;CÁDIZ;07:00-07:30;3;54
51300;JEREZ DE LA FRONTERA;CÁDIZ;07:30-08:00;116;62
51300;JEREZ DE LA FRONTERA;CÁDIZ;08:00-08:30;77;153
51300;JEREZ DE LA FRONTERA;CÁDIZ;08:30-09:00;144;108
51300;JEREZ DE LA FRONTERA;CÁDIZ;09:00-09:30;42;0
51300;JEREZ DE LA FRONTERA;CÁDIZ;09:30-10:00;45;88
51300;JEREZ DE LA FRONTERA;CÁDIZ;10:00-10:30;44;60
51300;JEREZ DE LA FRONTERA;CÁDIZ;11:00-11:30;70;59
51300;JEREZ DE LA FRONTERA;CÁDIZ;12:00-12:30;76;57
51300;JEREZ DE LA FRONTERA;CÁDIZ;13:00-13:30;157;52
51300;JEREZ DE LA FRONTERA;CÁDIZ;13:30-14:00;10;0
51300;JEREZ DE LA FRONTERA;CÁDIZ;14:00-14:30;43;182
51300;JEREZ DE LA FRONTERA;CÁDIZ;14:30-15:00;93;11
51300;JEREZ DE LA FRONTERA;CÁDIZ;15:00-15:30;92;164
51300;JEREZ DE LA FRONTERA;CÁDIZ;15:30-16:00;56;315
51300;JEREZ DE LA FRONTERA;CÁDIZ;16:00-16:30;24;61
51300;JEREZ DE LA FRONTERA;CÁDIZ;16:30-17:00;35;0
51300;JEREZ DE LA FRONTERA;CÁDIZ;17:00-17:30;45;121
51300;JEREZ DE LA FRONTERA;CÁDIZ;18:00-18:30;72;52
51300;JEREZ DE LA FRONTERA;CÁDIZ;18:30-19:00;0;50
51300;JEREZ DE LA FRONTERA;CÁDIZ;19:00-19:30;74;7
51300;JEREZ DE LA FRONTERA;CÁDIZ;19:30-20:00;0;21
51300;JEREZ DE LA FRONTERA;CÁDIZ;20:00-20:30;108;61
51300;JEREZ DE LA FRONTERA;CÁDIZ;21:00-21:30;59;97
51300;JEREZ DE LA FRONTERA;CÁDIZ;22:00-22:30;26;59
51300;JEREZ DE LA FRONTERA;CÁDIZ;23:00-23:30;0;8
51400;PUERTO DE SANTA MARIA;CÁDIZ;06:00-06:30;32;4
51400;PUERTO DE SANTA MARIA;CÁDIZ;06:30-07:00;2;11
51400;PUERTO DE SANTA MARIA;CÁDIZ;07:00-07:30;91;31
51400;PUERTO DE SANTA MARIA;CÁDIZ;07:30-08:00;62;58
51400;PUERTO DE SANTA MARIA;CÁDIZ;08:00-08:30;71;80
51400;PUERTO DE SANTA MARIA;CÁDIZ;08:30-09:00;38;34
51400;PUERTO DE SANTA MARIA;CÁDIZ;09:00-09:30;75;29
51400;PUERTO DE SANTA MARIA;CÁDIZ;09:30-10:00;22;19
51400;PUERTO DE SANTA MARIA;CÁDIZ;10:30-11:00;22;19
51400;PUERTO DE SANTA MARIA;CÁDIZ;11:30-12:00;7;12
51400;PUERTO DE SANTA MARIA;CÁDIZ;12:00-12:30;10;15
51400;PUERTO DE SANTA MARIA;CÁDIZ;12:30-13:00;36;23
51400;PUERTO DE SANTA MARIA;CÁDIZ;13:30-14:00;32;49
51400;PUERTO DE SANTA MARIA;CÁDIZ;14:00-14:30;49;47
51400;PUERTO DE SANTA MARIA;CÁDIZ;14:30-15:00;62;82
51400;PUERTO DE SANTA MARIA;CÁDIZ;15:00-15:30;64;95
51400;PUERTO DE SANTA MARIA;CÁDIZ;15:30-16:00;29;24
51400;PUERTO DE SANTA MARIA;CÁDIZ;16:00-16:30;26;14
51400;PUERTO DE SANTA MARIA;CÁDIZ;16:30-17:00;12;12
51400;PUERTO DE SANTA MARIA;CÁDIZ;17:00-17:30;13;19
51400;PUERTO DE SANTA MARIA;CÁDIZ;17:30-18:00;24;35
51400;PUERTO DE SANTA MARIA;CÁDIZ;18:00-18:30;2;3
51400;PUERTO DE SANTA MARIA;CÁDIZ;18:30-19:00;31;39
51400;PUERTO DE SANTA MARIA;CÁDIZ;19:00-19:30;0;20
51400;PUERTO DE SANTA MARIA;CÁDIZ;19:30-20:00;30;31
51400;PUERTO DE SANTA MARIA;CÁDIZ;20:30-21:00;27;58
51400;PUERTO DE SANTA MARIA;CÁDIZ;21:30-22:00;23;42
51400;PUERTO DE SANTA MARIA;CÁDIZ;22:30-23:00;16;25
51401;PUERTO REAL;CÁDIZ;06:30-07:00;15;4
51401;PUERTO REAL;CÁDIZ;07:00-07:30;71;8
51401;PUERTO REAL;CÁDIZ;07:30-08:00;52;72
51401;PUERTO REAL;CÁDIZ;08:00-08:30;71;40
51401;PUERTO REAL;CÁDIZ;08:30-09:00;48;5
51401;PUERTO REAL;CÁDIZ;09:00-09:30;35;13
51401;PUERTO REAL;CÁDIZ;09:30-10:00;13;6
51401;PUERTO REAL;CÁDIZ;10:00-10:30;8;6
51401;PUERTO REAL;CÁDIZ;10:30-11:00;63;11
51401;PUERTO REAL;CÁDIZ;11:30-12:00;32;11
51401;PUERTO REAL;CÁDIZ;12:30-13:00;24;20
51401;PUERTO REAL;CÁDIZ;13:30-14:00;32;114
51401;PUERTO REAL;CÁDIZ;14:00-14:30;55;24
51401;PUERTO REAL;CÁDIZ;14:30-15:00;31;47
51401;PUERTO REAL;CÁDIZ;15:00-15:30;22;83
51401;PUERTO REAL;CÁDIZ;15:30-16:00;14;24
51401;PUERTO REAL;CÁDIZ;16:00-16:30;16;6
51401;PUERTO REAL;CÁDIZ;16:30-17:00;34;19
51401;PUERTO REAL;CÁDIZ;17:30-18:00;18;15
51401;PUERTO REAL;CÁDIZ;18:30-19:00;24;22
51401;PUERTO REAL;CÁDIZ;19:30-20:00;10;33
51401;PUERTO REAL;CÁDIZ;20:30-21:00;23;34
51401;PUERTO REAL;CÁDIZ;21:30-22:00;3;31
51401;PUERTO REAL;CÁDIZ;22:30-23:00;3;17
51402;SAN FERNANDO-CENTRO;CÁDIZ;06:30-07:00;17;63
51402;SAN FERNANDO-CENTRO;CÁDIZ;07:00-07:30;114;139
51402;SAN FERNANDO-CENTRO;CÁDIZ;08:00-08:30;114;36
51402;SAN FERNANDO-CENTRO;CÁDIZ;08:30-09:00;48;20
51402;SAN FERNANDO-CENTRO;CÁDIZ;09:00-09:30;38;9
51402;SAN FERNANDO-CENTRO;CÁDIZ;09:30-10:00;48;18
51402;SAN FERNANDO-CENTRO;CÁDIZ;10:00-10:30;19;6
51402;SAN FERNANDO-CENTRO;CÁDIZ;10:30-11:00;32;18
51402;SAN FERNANDO-CENTRO;CÁDIZ;11:30-12:00;16;31
51402;SAN FERNANDO-CENTRO;CÁDIZ;12:30-13:00;18;37
51402;SAN FERNANDO-CENTRO;CÁDIZ;13:30-14:00;39;61
51402;SAN FERNANDO-CENTRO;CÁDIZ;14:00-14:30;33;17
51402;SAN FERNANDO-CENTRO;CÁDIZ;14:30-15:00;69;57
51402;SAN FERNANDO-CENTRO;CÁDIZ;15:00-15:30;188;79
51402;SAN FERNANDO-CENTRO;CÁDIZ;15:30-16:00;34;57
51402;SAN FERNANDO-CENTRO;CÁDIZ;16:00-16:30;31;12
51402;SAN FERNANDO-CENTRO;CÁDIZ;16:30-17:00;26;16
51402;SAN FERNANDO-CENTRO;CÁDIZ;17:00-17:30;27;17
51402;SAN FERNANDO-CENTRO;CÁDIZ;17:30-18:00;28;28
51402;SAN FERNANDO-CENTRO;CÁDIZ;18:00-18:30;5;16
51402;SAN FERNANDO-CENTRO;CÁDIZ;18:30-19:00;5;15
51402;SAN FERNANDO-CENTRO;CÁDIZ;19:30-20:00;30;24
51402;SAN FERNANDO-CENTRO;CÁDIZ;20:30-21:00;26;54
51402;SAN FERNANDO-CENTRO;CÁDIZ;21:30-22:00;15;49
51402;SAN FERNANDO-CENTRO;CÁDIZ;22:30-23:00;8;32
51404;SEGUNDA AGUADA;CÁDIZ;06:00-06:30;4;0
51404;SEGUNDA AGUADA;CÁDIZ;06:30-07:00;11;0
51404;SEGUNDA AGUADA;CÁDIZ;07:00-07:30;22;3
51404;SEGUNDA AGUADA;CÁDIZ;07:30-08:00;25;53
51404;SEGUNDA AGUADA;CÁDIZ;08:00-08:30;23;15
51404;SEGUNDA AGUADA;CÁDIZ;08:30-09:00;1;41
51404;SEGUNDA AGUADA;CÁDIZ;09:00-09:30;15;21
51404;SEGUNDA AGUADA;CÁDIZ;09:30-10:00;0;34
51404;SEGUNDA AGUADA;CÁDIZ;10:00-10:30;15;12
51404;SEGUNDA AGUADA;CÁDIZ;11:00-11:30;16;16
51404;SEGUNDA AGUADA;CÁDIZ;12:00-12:30;19;9
51404;SEGUNDA AGUADA;CÁDIZ;13:00-13:30;27;19
51404;SEGUNDA AGUADA;CÁDIZ;13:30-14:00;18;0
51404;SEGUNDA AGUADA;CÁDIZ;14:00-14:30;35;33
51404;SEGUNDA AGUADA;CÁDIZ;14:30-15:00;39;20
51404;SEGUNDA AGUADA;CÁDIZ;15:00-15:30;19;18
51404;SEGUNDA AGUADA;CÁDIZ;15:30-16:00;9;11
51404;SEGUNDA AGUADA;CÁDIZ;16:00-16:30;3;21
51404;SEGUNDA AGUADA;CÁDIZ;16:30-17:00;13;25
51404;SEGUNDA AGUADA;CÁDIZ;17:00-17:30;10;18
51404;SEGUNDA AGUADA;CÁDIZ;18:00-18:30;15;15
51404;SEGUNDA AGUADA;CÁDIZ;19:00-19:30;19;17
51404;SEGUNDA AGUADA;CÁDIZ;20:00-20:30;26;16
51404;SEGUNDA AGUADA;CÁDIZ;21:00-21:30;34;13
51404;SEGUNDA AGUADA;CÁDIZ;22:00-22:30;7;6
51404;SEGUNDA AGUADA;CÁDIZ;23:00-23:30;0;9
51405;CADIZ;CÁDIZ;06:00-06:30;5;0
51405;CADIZ;CÁDIZ;06:30-07:00;12;0
51405;CADIZ;CÁDIZ;07:00-07:30;12;21
51405;CADIZ;CÁDIZ;07:30-08:00;24;125
51405;CADIZ;CÁDIZ;08:00-08:30;17;75
51405;CADIZ;CÁDIZ;08:30-09:00;41;39
51405;CADIZ;CÁDIZ;09:00-09:30;18;67
51405;CADIZ;CÁDIZ;09:30-10:00;0;86
51405;CADIZ;CÁDIZ;10:00-10:30;26;32
51405;CADIZ;CÁDIZ;11:00-11:30;25;31
51405;CADIZ;CÁDIZ;12:00-12:30;48;24
51405;CADIZ;CÁDIZ;13:00-13:30;100;39
51405;CADIZ;CÁDIZ;13:30-14:00;70;0
51405;CADIZ;CÁDIZ;14:00-14:30;114;46
51405;CADIZ;CÁDIZ;14:30-15:00;124;31
51405;CADIZ;CÁDIZ;15:00-15:30;79;62
51405;CADIZ;CÁDIZ;15:30-16:00;19;0
51405;CADIZ;CÁDIZ;16:00-16:30;9;38
51405;CADIZ;CÁDIZ;16:30-17:00;24;14
51405;CADIZ;CÁDIZ;17:00-17:30;37;24
51405;CADIZ;CÁDIZ;18:00-18:30;28;19
51405;CADIZ;CÁDIZ;19:00-19:30;58;20
51405;CADIZ;CÁDIZ;20:00-20:30;58;23
51405;CADIZ;CÁDIZ;21:00-21:30;48;18
51405;CADIZ;CÁDIZ;22:00-22:30;12;12
51405;CADIZ;CÁDIZ;23:00-23:30;0;10
51406;SAN FERNANDO-BAHIA SUR;CÁDIZ;06:00-06:30;7;1
51406;SAN FERNANDO-BAHIA SUR;CÁDIZ;06:30-07:00;25;6
51406;SAN FERNANDO-BAHIA SUR;CÁDIZ;07:00-07:30;66;78
51406;SAN FERNANDO-BAHIA SUR;CÁDIZ;07:30-08:00;74;3
51406;SAN FERNANDO-BAHIA SUR;CÁDIZ;08:00-08:30;104;28
51406;SAN FERNANDO-BAHIA SUR;CÁDIZ;08:30-09:00;30;21
51406;SAN FERNANDO-BAHIA SUR;CÁDIZ;09:00-09:30;36;16
51406;SAN FERNANDO-BAHIA SUR;CÁDIZ;09:30-10:00;44;22
51406;SAN FERNANDO-BAHIA SUR;CÁDIZ;10:00-10:30;9;8
51406;SAN FERNANDO-BAHIA SUR;CÁDIZ;10:30-11:00;13;28
51406;SAN FERNANDO-BAHIA SUR;CÁDIZ;11:30-12:00;11;30
51406;SAN FERNANDO-BAHIA SUR;CÁDIZ;12:00-12:30;17;24
51406;SAN FERNANDO-BAHIA SUR;CÁDIZ;12:30-13:00;10;19
51406;SAN FERNANDO-BAHIA SUR;CÁDIZ;13:00-13:30;15;27
51406;SAN FERNANDO-BAHIA SUR;CÁDIZ;13:30-14:00;21;40
51406;SAN FERNANDO-BAHIA SUR;CÁDIZ;14:00-14:30;17;21
51406;SAN FERNANDO-BAHIA SUR;CÁDIZ;14:30-15:00;39;113
51406;SAN FERNANDO-BAHIA SUR;CÁDIZ;15:00-15:30;66;82
51406;SAN FERNANDO-BAHIA SUR;CÁDIZ;15:30-16:00;6;17
51406;SAN FERNANDO-BAHIA SUR;CÁDIZ;16:00-16:30;35;38
51406;SAN FERNANDO-BAHIA SUR;CÁDIZ;16:30-17:00;22;31
51406;SAN FERNANDO-BAHIA SUR;CÁDIZ;17:00-17:30;26;34
51406;SAN FERNANDO-BAHIA SUR;CÁDIZ;17:30-18:00;13;12
51406;SAN FERNANDO-BAHIA SUR;CÁDIZ;18:00-18:30;16;13
51406;SAN FERNANDO-BAHIA SUR;CÁDIZ;18:30-19:00;15;17
51406;SAN FERNANDO-BAHIA SUR;CÁDIZ;19:30-20:00;31;55
51406;SAN FERNANDO-BAHIA SUR;CÁDIZ;20:30-21:00;32;40
51406;SAN FERNANDO-BAHIA SUR;CÁDIZ;21:00-21:30;18;24
51406;SAN FERNANDO-BAHIA SUR;CÁDIZ;21:30-22:00;8;9
51406;SAN FERNANDO-BAHIA SUR;CÁDIZ;22:30-23:00;25;11
51407;CORTADURA;CÁDIZ;06:00-06:30;0;0
51407;CORTADURA;CÁDIZ;06:30-07:00;0;1
51407;CORTADURA;CÁDIZ;07:00-07:30;2;1
51407;CORTADURA;CÁDIZ;07:30-08:00;10;13
51407;CORTADURA;CÁDIZ;08:00-08:30;1;13
51407;CORTADURA;CÁDIZ;08:30-09:00;1;1
51407;CORTADURA;CÁDIZ;09:00-09:30;1;0
51407;CORTADURA;CÁDIZ;09:30-10:00;0;2
51407;CORTADURA;CÁDIZ;10:00-10:30;0;0
51407;CORTADURA;CÁDIZ;10:30-11:00;0;0
51407;CORTADURA;CÁDIZ;11:00-11:30;0;3
51407;CORTADURA;CÁDIZ;11:30-12:00;3;0
51407;CORTADURA;CÁDIZ;12:00-12:30;2;1
51407;CORTADURA;CÁDIZ;13:00-13:30;6;0
51407;CORTADURA;CÁDIZ;13:30-14:00;4;11
51407;CORTADURA;CÁDIZ;14:00-14:30;2;2
51407;CORTADURA;CÁDIZ;14:30-15:00;14;1
51407;CORTADURA;CÁDIZ;15:00-15:30;4;4
51407;CORTADURA;CÁDIZ;15:30-16:00;1;8
51407;CORTADURA;CÁDIZ;16:00-16:30;0;2
51407;CORTADURA;CÁDIZ;16:30-17:00;1;1
51407;CORTADURA;CÁDIZ;17:00-17:30;3;1
51407;CORTADURA;CÁDIZ;18:00-18:30;0;0
51407;CORTADURA;CÁDIZ;19:00-19:30;3;6
51407;CORTADURA;CÁDIZ;19:30-20:00;0;1
51407;CORTADURA;CÁDIZ;20:00-20:30;5;0
51407;CORTADURA;CÁDIZ;21:00-21:30;1;1
51407;CORTADURA;CÁDIZ;22:00-22:30;2;1
51407;CORTADURA;CÁDIZ;23:00-23:30;0;0
51409;ESTADIO;CÁDIZ;06:00-06:30;2;0
51409;ESTADIO;CÁDIZ;06:30-07:00;15;3
51409;ESTADIO;CÁDIZ;07:00-07:30;23;0
51409;ESTADIO;CÁDIZ;07:30-08:00;14;40
51409;ESTADIO;CÁDIZ;08:00-08:30;13;17
51409;ESTADIO;CÁDIZ;08:30-09:00;2;31
51409;ESTADIO;CÁDIZ;09:00-09:30;16;21
51409;ESTADIO;CÁDIZ;09:30-10:00;0;7
51409;ESTADIO;CÁDIZ;10:00-10:30;0;10
51409;ESTADIO;CÁDIZ;10:30-11:00;18;1
51409;ESTADIO;CÁDIZ;11:00-11:30;0;47
51409;ESTADIO;CÁDIZ;11:30-12:00;10;0
51409;ESTADIO;CÁDIZ;12:00-12:30;7;11
51409;ESTADIO;CÁDIZ;13:00-13:30;57;10
51409;ESTADIO;CÁDIZ;13:30-14:00;9;0
51409;ESTADIO;CÁDIZ;14:00-14:30;50;43
51409;ESTADIO;CÁDIZ;14:30-15:00;7;17
51409;ESTADIO;CÁDIZ;15:00-15:30;38;19
51409;ESTADIO;CÁDIZ;15:30-16:00;5;16
51409;ESTADIO;CÁDIZ;16:00-16:30;2;12
51409;ESTADIO;CÁDIZ;16:30-17:00;9;11
51409;ESTADIO;CÁDIZ;17:00-17:30;14;12
51409;ESTADIO;CÁDIZ;18:00-18:30;10;13
51409;ESTADIO;CÁDIZ;19:00-19:30;19;13
51409;ESTADIO;CÁDIZ;20:00-20:30;13;6
51409;ESTADIO;CÁDIZ;21:00-21:30;20;8
51409;ESTADIO;CÁDIZ;22:00-22:30;10;6
51409;ESTADIO;CÁDIZ;23:00-23:30;0;3
51414;SAN SEVERIANO;CÁDIZ;06:00-06:30;1;0
51414;SAN SEVERIANO;CÁDIZ;06:30-07:00;11;0
51414;SAN SEVERIANO;CÁDIZ;07:00-07:30;12;13
51414;SAN SEVERIANO;CÁDIZ;07:30-08:00;15;82
51414;SAN SEVERIANO;CÁDIZ;08:00-08:30;16;19
51414;SAN SEVERIANO;CÁDIZ;08:30-09:00;4;25
51414;SAN SEVERIANO;CÁDIZ;09:00-09:30;4;10
51414;SAN SEVERIANO;CÁDIZ;09:30-10:00;0;13
51414;SAN SEVERIANO;CÁDIZ;10:00-10:30;11;6
51414;SAN SEVERIANO;CÁDIZ;11:00-11:30;9;11
51414;SAN SEVERIANO;CÁDIZ;12:00-12:30;9;4
51414;SAN SEVERIANO;CÁDIZ;13:00-13:30;16;7
51414;SAN SEVERIANO;CÁDIZ;13:30-14:00;35;11
51414;SAN SEVERIANO;CÁDIZ;14:00-14:30;62;38
51414;SAN SEVERIANO;CÁDIZ;14:30-15:00;59;16
51414;SAN SEVERIANO;CÁDIZ;15:00-15:30;9;32
51414;SAN SEVERIANO;CÁDIZ;15:30-16:00;4;21
51414;SAN SEVERIANO;CÁDIZ;16:00-16:30;1;10
51414;SAN SEVERIANO;CÁDIZ;16:30-17:00;8;7
51414;SAN SEVERIANO;CÁDIZ;17:00-17:30;3;12
51414;SAN SEVERIANO;CÁDIZ;18:00-18:30;5;5
51414;SAN SEVERIANO;CÁDIZ;19:00-19:30;18;8
51414;SAN SEVERIANO;CÁDIZ;20:00-20:30;16;3
51414;SAN SEVERIANO;CÁDIZ;21:00-21:30;24;8
51414;SAN SEVERIANO;CÁDIZ;22:00-22:30;10;6
51414;SAN SEVERIANO;CÁDIZ;23:00-23:30;0;3
51415;LAS ALETAS;CÁDIZ;06:30-07:00;0;0
51415;LAS ALETAS;CÁDIZ;07:00-07:30;1;0
51415;LAS ALETAS;CÁDIZ;07:30-08:00;0;1
51415;LAS ALETAS;CÁDIZ;08:00-08:30;11;12
51415;LAS ALETAS;CÁDIZ;08:30-09:00;2;1
51415;LAS ALETAS;CÁDIZ;09:00-09:30;2;10
51415;LAS ALETAS;CÁDIZ;09:30-10:00;0;1
51415;LAS ALETAS;CÁDIZ;10:00-10:30;0;0
51415;LAS ALETAS;CÁDIZ;10:30-11:00;0;0
51415;LAS ALETAS;CÁDIZ;11:30-12:00;2;0
51415;LAS ALETAS;CÁDIZ;12:30-13:00;0;0
51415;LAS ALETAS;CÁDIZ;13:30-14:00;0;0
51415;LAS ALETAS;CÁDIZ;14:00-14:30;13;6
51415;LAS ALETAS;CÁDIZ;14:30-15:00;1;0
51415;LAS ALETAS;CÁDIZ;15:00-15:30;1;2
51415;LAS ALETAS;CÁDIZ;15:30-16:00;0;0
51415;LAS ALETAS;CÁDIZ;16:00-16:30;2;1
51415;LAS ALETAS;CÁDIZ;16:30-17:00;2;0
51415;LAS ALETAS;CÁDIZ;17:00-17:30;0;0
51415;LAS ALETAS;CÁDIZ;17:30-18:00;1;0
51415;LAS ALETAS;CÁDIZ;18:00-18:30;0;0
51415;LAS ALETAS;CÁDIZ;18:30-19:00;5;4
51415;LAS ALETAS;CÁDIZ;19:00-19:30;0;0
51415;LAS ALETAS;CÁDIZ;19:30-20:00;2;2
51415;LAS ALETAS;CÁDIZ;20:30-21:00;3;5
51415;LAS ALETAS;CÁDIZ;21:30-22:00;0;0
51415;LAS ALETAS;CÁDIZ;22:30-23:00;0;1
51416;UNIVERSIDAD DE CADIZ;CÁDIZ;08:00-08:30;0;28
51416;UNIVERSIDAD DE CADIZ;CÁDIZ;08:30-09:00;7;0
51416;UNIVERSIDAD DE CADIZ;CÁDIZ;09:00-09:30;0;22
51416;UNIVERSIDAD DE CADIZ;CÁDIZ;09:30-10:00;1;0
51416;UNIVERSIDAD DE CADIZ;CÁDIZ;14:00-14:30;17;1
51416;UNIVERSIDAD DE CADIZ;CÁDIZ;15:00-15:30;4;4
51416;UNIVERSIDAD DE CADIZ;CÁDIZ;18:00-18:30;9;0
51416;UNIVERSIDAD DE CADIZ;CÁDIZ;19:00-19:30;6;0
51417;VALDELAGRANA;CÁDIZ;06:30-07:00;2;0
51417;VALDELAGRANA;CÁDIZ;07:00-07:30;25;8
51417;VALDELAGRANA;CÁDIZ;07:30-08:00;4;5
51417;VALDELAGRANA;CÁDIZ;08:00-08:30;9;5
51417;VALDELAGRANA;CÁDIZ;08:30-09:00;11;94
51417;VALDELAGRANA;CÁDIZ;09:00-09:30;2;5
51417;VALDELAGRANA;CÁDIZ;09:30-10:00;4;2
51417;VALDELAGRANA;CÁDIZ;10:30-11:00;5;7
51417;VALDELAGRANA;CÁDIZ;11:30-12:00;1;5
51417;VALDELAGRANA;CÁDIZ;12:30-13:00;1;11
51417;VALDELAGRANA;CÁDIZ;13:30-14:00;7;5
51417;VALDELAGRANA;CÁDIZ;14:00-14:30;3;9
51417;VALDELAGRANA;CÁDIZ;14:30-15:00;9;11
51417;VALDELAGRANA;CÁDIZ;15:00-15:30;5;7
51417;VALDELAGRANA;CÁDIZ;15:30-16:00;3;8
51417;VALDELAGRANA;CÁDIZ;16:00-16:30;10;1
51417;VALDELAGRANA;CÁDIZ;16:30-17:00;8;1
51417;VALDELAGRANA;CÁDIZ;17:00-17:30;90;16
51417;VALDELAGRANA;CÁDIZ;17:30-18:00;6;3
51417;VALDELAGRANA;CÁDIZ;18:00-18:30;0;4
51417;VALDELAGRANA;CÁDIZ;18:30-19:00;9;2
51417;VALDELAGRANA;CÁDIZ;19:00-19:30;0;0
51417;VALDELAGRANA;CÁDIZ;19:30-20:00;5;8
51417;VALDELAGRANA;CÁDIZ;20:30-21:00;1;2
51417;VALDELAGRANA;CÁDIZ;21:30-22:00;2;11
51417;VALDELAGRANA;CÁDIZ;22:30-23:00;1;0